"Status","Start Time","Stop Time","Duration in ms","Parent Suite","Suite","Sub Suite","Test Class","Test Method","Name","Description"
"passed","Fri Aug 30 22:41:21 GMT 2024","Fri Aug 30 22:41:21 GMT 2024","0","","MODULE-SYSTEM","","MODULE-SYSTEM","","F1-IMPORTS.05",""
"passed","Fri Aug 30 22:41:47 GMT 2024","Fri Aug 30 22:41:47 GMT 2024","0","","HYPERON-EXPERIMENTAL-SCRIPTS","","HYPERON-EXPERIMENTAL-SCRIPTS","","D4-TYPE-PROP.22",""
"passed","Fri Aug 30 22:41:37 GMT 2024","Fri Aug 30 22:41:40 GMT 2024","3000","","WHOLE-TESTS","","WHOLE-TESTS","","hyperon-experimental_scripts.b2_backchain",""
"passed","Fri Aug 30 22:41:47 GMT 2024","Fri Aug 30 22:41:47 GMT 2024","0","","HYPERON-EXPERIMENTAL-SCRIPTS","","HYPERON-EXPERIMENTAL-SCRIPTS","","B3-DIRECT.02",""
"passed","Fri Aug 30 22:42:34 GMT 2024","Fri Aug 30 22:42:34 GMT 2024","0","","HYPERON-METTALOG-SANITY","","HYPERON-METTALOG-SANITY","","03-SORING-VIA-INSERT.01",""
"passed","Fri Aug 30 22:41:37 GMT 2024","Fri Aug 30 22:41:40 GMT 2024","3000","","WHOLE-TESTS","","WHOLE-TESTS","","hyperon-experimental_scripts.b5_types_prelim",""
"passed","Fri Aug 30 22:43:01 GMT 2024","Fri Aug 30 22:43:01 GMT 2024","0","","METTA-MORPH-TESTS","","METTA-MORPH-TESTS","","SUPERCOLLAPSE.02",""
"passed","Fri Aug 30 22:41:47 GMT 2024","Fri Aug 30 22:41:47 GMT 2024","0","","HYPERON-EXPERIMENTAL-SCRIPTS","","HYPERON-EXPERIMENTAL-SCRIPTS","","B4-NONDETERM.04",""
"passed","Fri Aug 30 22:43:01 GMT 2024","Fri Aug 30 22:43:01 GMT 2024","0","","METTA-MORPH-TESTS","","METTA-MORPH-TESTS","","LET-SUPERPOSE-LIST.01",""
"failed","Fri Aug 30 22:41:47 GMT 2024","Fri Aug 30 22:41:47 GMT 2024","0","","HYPERON-EXPERIMENTAL-SCRIPTS","","HYPERON-EXPERIMENTAL-SCRIPTS","","C1-GROUNDED-BASIC.15",""
"passed","Fri Aug 30 22:41:37 GMT 2024","Fri Aug 30 22:41:39 GMT 2024","2000","","WHOLE-TESTS","","WHOLE-TESTS","","metta-morph_tests.superpose_nested",""
"passed","Fri Aug 30 22:43:01 GMT 2024","Fri Aug 30 22:43:01 GMT 2024","0","","METTA-MORPH-TESTS","","METTA-MORPH-TESTS","","STATES-SPACES.03",""
"passed","Fri Aug 30 22:41:37 GMT 2024","Fri Aug 30 22:41:39 GMT 2024","2000","","WHOLE-TESTS","","WHOLE-TESTS","","hyperon-mettalog_sanity.subtraction_test",""
"passed","Fri Aug 30 22:42:34 GMT 2024","Fri Aug 30 22:42:34 GMT 2024","0","","HYPERON-METTALOG-SANITY","","HYPERON-METTALOG-SANITY","","00-LANG-CASE.05",""
"passed","Fri Aug 30 22:41:47 GMT 2024","Fri Aug 30 22:41:47 GMT 2024","0","","HYPERON-EXPERIMENTAL-SCRIPTS","","HYPERON-EXPERIMENTAL-SCRIPTS","","E1-KB-WRITE.02",""
"passed","Fri Aug 30 22:41:21 GMT 2024","Fri Aug 30 22:41:21 GMT 2024","0","","MODULE-SYSTEM","","MODULE-SYSTEM","","F1-MODULEA.01",""
"passed","Fri Aug 30 22:42:34 GMT 2024","Fri Aug 30 22:42:34 GMT 2024","0","","HYPERON-METTALOG-SANITY","","HYPERON-METTALOG-SANITY","","STRING-TESTS.10",""
"passed","Fri Aug 30 22:41:47 GMT 2024","Fri Aug 30 22:41:47 GMT 2024","0","","HYPERON-EXPERIMENTAL-SCRIPTS","","HYPERON-EXPERIMENTAL-SCRIPTS","","B5-TYPES-PRELIM.23",""
"passed","Fri Aug 30 22:42:34 GMT 2024","Fri Aug 30 22:42:34 GMT 2024","0","","HYPERON-METTALOG-SANITY","","HYPERON-METTALOG-SANITY","","XOR-TEST.04",""
"failed","Fri Aug 30 22:41:47 GMT 2024","Fri Aug 30 22:41:47 GMT 2024","0","","HYPERON-EXPERIMENTAL-SCRIPTS","","HYPERON-EXPERIMENTAL-SCRIPTS","","B5-TYPES-PRELIM.14",""
"passed","Fri Aug 30 22:42:34 GMT 2024","Fri Aug 30 22:42:34 GMT 2024","0","","HYPERON-METTALOG-SANITY","","HYPERON-METTALOG-SANITY","","SUBTRACTION-TEST.06",""
"passed","Fri Aug 30 22:41:47 GMT 2024","Fri Aug 30 22:41:47 GMT 2024","0","","HYPERON-EXPERIMENTAL-SCRIPTS","","HYPERON-EXPERIMENTAL-SCRIPTS","","B1-EQUAL-CHAIN.05",""
"passed","Fri Aug 30 22:41:47 GMT 2024","Fri Aug 30 22:41:47 GMT 2024","0","","HYPERON-EXPERIMENTAL-SCRIPTS","","HYPERON-EXPERIMENTAL-SCRIPTS","","C1-GROUNDED-BASIC.04",""
"passed","Fri Aug 30 22:41:47 GMT 2024","Fri Aug 30 22:41:47 GMT 2024","0","","HYPERON-EXPERIMENTAL-SCRIPTS","","HYPERON-EXPERIMENTAL-SCRIPTS","","F1-IMPORTS.17",""
"passed","Fri Aug 30 22:41:37 GMT 2024","Fri Aug 30 22:41:40 GMT 2024","3000","","WHOLE-TESTS","","WHOLE-TESTS","","hyperon-experimental_scripts.c3_pln_stv",""
"passed","Fri Aug 30 22:41:47 GMT 2024","Fri Aug 30 22:41:47 GMT 2024","0","","HYPERON-EXPERIMENTAL-SCRIPTS","","HYPERON-EXPERIMENTAL-SCRIPTS","","C2-SPACES.03",""
"passed","Fri Aug 30 22:42:34 GMT 2024","Fri Aug 30 22:42:34 GMT 2024","0","","HYPERON-METTALOG-SANITY","","HYPERON-METTALOG-SANITY","","STRING-TESTS.20",""
"passed","Fri Aug 30 22:41:47 GMT 2024","Fri Aug 30 22:41:47 GMT 2024","0","","HYPERON-EXPERIMENTAL-SCRIPTS","","HYPERON-EXPERIMENTAL-SCRIPTS","","D4-TYPE-PROP.17",""
"passed","Fri Aug 30 22:41:47 GMT 2024","Fri Aug 30 22:41:47 GMT 2024","0","","HYPERON-EXPERIMENTAL-SCRIPTS","","HYPERON-EXPERIMENTAL-SCRIPTS","","B4-NONDETERM.05",""
"passed","Fri Aug 30 22:42:34 GMT 2024","Fri Aug 30 22:42:34 GMT 2024","0","","HYPERON-METTALOG-SANITY","","HYPERON-METTALOG-SANITY","","00-LANG-CASE.04",""
"passed","Fri Aug 30 22:43:01 GMT 2024","Fri Aug 30 22:43:01 GMT 2024","0","","METTA-MORPH-TESTS","","METTA-MORPH-TESTS","","TESTS0.04",""
"passed","Fri Aug 30 22:42:34 GMT 2024","Fri Aug 30 22:42:34 GMT 2024","0","","HYPERON-METTALOG-SANITY","","HYPERON-METTALOG-SANITY","","XOR-TEST.07",""
"passed","Fri Aug 30 22:41:37 GMT 2024","Fri Aug 30 22:41:41 GMT 2024","4000","","WHOLE-TESTS","","WHOLE-TESTS","","metta-morph_tests.factorial",""
"passed","Fri Aug 30 22:41:47 GMT 2024","Fri Aug 30 22:41:47 GMT 2024","0","","HYPERON-EXPERIMENTAL-SCRIPTS","","HYPERON-EXPERIMENTAL-SCRIPTS","","E2-STATES.02",""
"passed","Fri Aug 30 22:41:37 GMT 2024","Fri Aug 30 22:41:39 GMT 2024","2000","","WHOLE-TESTS","","WHOLE-TESTS","","metta-morph_tests.if",""
"passed","Fri Aug 30 22:41:47 GMT 2024","Fri Aug 30 22:41:47 GMT 2024","0","","HYPERON-EXPERIMENTAL-SCRIPTS","","HYPERON-EXPERIMENTAL-SCRIPTS","","D4-TYPE-PROP.07",""
"passed","Fri Aug 30 22:42:34 GMT 2024","Fri Aug 30 22:42:34 GMT 2024","0","","HYPERON-METTALOG-SANITY","","HYPERON-METTALOG-SANITY","","00-LANG-CASE.07",""
"passed","Fri Aug 30 22:42:34 GMT 2024","Fri Aug 30 22:42:34 GMT 2024","0","","HYPERON-METTALOG-SANITY","","HYPERON-METTALOG-SANITY","","XOR-TEST.11",""
"passed","Fri Aug 30 22:42:34 GMT 2024","Fri Aug 30 22:42:34 GMT 2024","0","","HYPERON-METTALOG-SANITY","","HYPERON-METTALOG-SANITY","","STRING-TESTS.04",""
"passed","Fri Aug 30 22:42:34 GMT 2024","Fri Aug 30 22:42:34 GMT 2024","0","","HYPERON-METTALOG-SANITY","","HYPERON-METTALOG-SANITY","","STRING-TESTS.13",""
"passed","Fri Aug 30 22:41:47 GMT 2024","Fri Aug 30 22:41:47 GMT 2024","0","","HYPERON-EXPERIMENTAL-SCRIPTS","","HYPERON-EXPERIMENTAL-SCRIPTS","","C2-SPACES.05",""
"passed","Fri Aug 30 22:41:37 GMT 2024","Fri Aug 30 22:41:39 GMT 2024","2000","","WHOLE-TESTS","","WHOLE-TESTS","","metta-morph_tests.identity",""
"passed","Fri Aug 30 22:41:47 GMT 2024","Fri Aug 30 22:41:47 GMT 2024","0","","HYPERON-EXPERIMENTAL-SCRIPTS","","HYPERON-EXPERIMENTAL-SCRIPTS","","D2-HIGHERFUNC.06",""
"passed","Fri Aug 30 22:42:34 GMT 2024","Fri Aug 30 22:42:34 GMT 2024","0","","HYPERON-METTALOG-SANITY","","HYPERON-METTALOG-SANITY","","STRING-TESTS.09",""
"passed","Fri Aug 30 22:42:34 GMT 2024","Fri Aug 30 22:42:34 GMT 2024","0","","HYPERON-METTALOG-SANITY","","HYPERON-METTALOG-SANITY","","STRING-TESTS.08",""
"passed","Fri Aug 30 22:42:34 GMT 2024","Fri Aug 30 22:42:34 GMT 2024","0","","HYPERON-METTALOG-SANITY","","HYPERON-METTALOG-SANITY","","03-SORING-VIA-INSERT.02",""
"passed","Fri Aug 30 22:42:34 GMT 2024","Fri Aug 30 22:42:34 GMT 2024","0","","HYPERON-METTALOG-SANITY","","HYPERON-METTALOG-SANITY","","STRING-TESTS.01",""
"failed","Fri Aug 30 22:41:47 GMT 2024","Fri Aug 30 22:41:47 GMT 2024","0","","HYPERON-EXPERIMENTAL-SCRIPTS","","HYPERON-EXPERIMENTAL-SCRIPTS","","D5-AUTO-TYPES.02",""
"passed","Fri Aug 30 22:42:34 GMT 2024","Fri Aug 30 22:42:34 GMT 2024","0","","HYPERON-METTALOG-SANITY","","HYPERON-METTALOG-SANITY","","SUBTRACTION-TEST.02",""
"failed","Fri Aug 30 22:41:47 GMT 2024","Fri Aug 30 22:41:47 GMT 2024","0","","HYPERON-EXPERIMENTAL-SCRIPTS","","HYPERON-EXPERIMENTAL-SCRIPTS","","D5-AUTO-TYPES.03",""
"passed","Fri Aug 30 22:43:01 GMT 2024","Fri Aug 30 22:43:01 GMT 2024","0","","METTA-MORPH-TESTS","","METTA-MORPH-TESTS","","MATCH-VOID.09",""
"passed","Fri Aug 30 22:43:01 GMT 2024","Fri Aug 30 22:43:01 GMT 2024","0","","METTA-MORPH-TESTS","","METTA-MORPH-TESTS","","SUPERCOLLAPSE.08",""
"passed","Fri Aug 30 22:41:47 GMT 2024","Fri Aug 30 22:41:47 GMT 2024","0","","HYPERON-EXPERIMENTAL-SCRIPTS","","HYPERON-EXPERIMENTAL-SCRIPTS","","B5-TYPES-PRELIM.20",""
"passed","Fri Aug 30 22:42:34 GMT 2024","Fri Aug 30 22:42:34 GMT 2024","0","","HYPERON-METTALOG-SANITY","","HYPERON-METTALOG-SANITY","","00-LANG-CASE.18",""
"failed","Fri Aug 30 22:41:47 GMT 2024","Fri Aug 30 22:41:47 GMT 2024","0","","HYPERON-EXPERIMENTAL-SCRIPTS","","HYPERON-EXPERIMENTAL-SCRIPTS","","F1-IMPORTS.13",""
"passed","Fri Aug 30 22:41:21 GMT 2024","Fri Aug 30 22:41:21 GMT 2024","0","","MODULE-SYSTEM","","MODULE-SYSTEM","","C2-SPACES.01",""
"passed","Fri Aug 30 22:41:47 GMT 2024","Fri Aug 30 22:41:47 GMT 2024","0","","HYPERON-EXPERIMENTAL-SCRIPTS","","HYPERON-EXPERIMENTAL-SCRIPTS","","F1-IMPORTS.02",""
"passed","Fri Aug 30 22:41:37 GMT 2024","Fri Aug 30 22:41:40 GMT 2024","3000","","WHOLE-TESTS","","WHOLE-TESTS","","hyperon-mettalog_sanity.structure-tests",""
"passed","Fri Aug 30 22:41:47 GMT 2024","Fri Aug 30 22:41:47 GMT 2024","0","","HYPERON-EXPERIMENTAL-SCRIPTS","","HYPERON-EXPERIMENTAL-SCRIPTS","","D4-TYPE-PROP.05",""
"passed","Fri Aug 30 22:41:37 GMT 2024","Fri Aug 30 22:41:39 GMT 2024","2000","","WHOLE-TESTS","","WHOLE-TESTS","","metta-morph_tests.supercollapse",""
"passed","Fri Aug 30 22:43:01 GMT 2024","Fri Aug 30 22:43:01 GMT 2024","0","","METTA-MORPH-TESTS","","METTA-MORPH-TESTS","","MATCH-VOID.08",""
"passed","Fri Aug 30 22:41:47 GMT 2024","Fri Aug 30 22:41:47 GMT 2024","0","","HYPERON-EXPERIMENTAL-SCRIPTS","","HYPERON-EXPERIMENTAL-SCRIPTS","","B2-BACKCHAIN.04",""
"passed","Fri Aug 30 22:43:01 GMT 2024","Fri Aug 30 22:43:01 GMT 2024","0","","METTA-MORPH-TESTS","","METTA-MORPH-TESTS","","AND-OR.01",""
"passed","Fri Aug 30 22:43:01 GMT 2024","Fri Aug 30 22:43:01 GMT 2024","0","","METTA-MORPH-TESTS","","METTA-MORPH-TESTS","","MATCH-VOID.05",""
"passed","Fri Aug 30 22:41:47 GMT 2024","Fri Aug 30 22:41:47 GMT 2024","0","","HYPERON-EXPERIMENTAL-SCRIPTS","","HYPERON-EXPERIMENTAL-SCRIPTS","","D2-HIGHERFUNC.09",""
"passed","Fri Aug 30 22:41:47 GMT 2024","Fri Aug 30 22:41:47 GMT 2024","0","","HYPERON-EXPERIMENTAL-SCRIPTS","","HYPERON-EXPERIMENTAL-SCRIPTS","","D2-HIGHERFUNC.22",""
"passed","Fri Aug 30 22:43:01 GMT 2024","Fri Aug 30 22:43:01 GMT 2024","0","","METTA-MORPH-TESTS","","METTA-MORPH-TESTS","","SEQUENTIAL-NESTED.02",""
"failed","Fri Aug 30 22:41:47 GMT 2024","Fri Aug 30 22:41:47 GMT 2024","0","","HYPERON-EXPERIMENTAL-SCRIPTS","","HYPERON-EXPERIMENTAL-SCRIPTS","","B5-TYPES-PRELIM.15",""
"passed","Fri Aug 30 22:41:47 GMT 2024","Fri Aug 30 22:41:47 GMT 2024","0","","HYPERON-EXPERIMENTAL-SCRIPTS","","HYPERON-EXPERIMENTAL-SCRIPTS","","F1-MODULEA.02",""
"passed","Fri Aug 30 22:43:01 GMT 2024","Fri Aug 30 22:43:01 GMT 2024","0","","METTA-MORPH-TESTS","","METTA-MORPH-TESTS","","MATCH-SUPERPOSED-SPACES.04",""
"passed","Fri Aug 30 22:41:37 GMT 2024","Fri Aug 30 22:41:39 GMT 2024","2000","","WHOLE-TESTS","","WHOLE-TESTS","","hyperon-mettalog_sanity.01_lang_inc",""
"passed","Fri Aug 30 22:41:47 GMT 2024","Fri Aug 30 22:41:47 GMT 2024","0","","HYPERON-EXPERIMENTAL-SCRIPTS","","HYPERON-EXPERIMENTAL-SCRIPTS","","C1-GROUNDED-BASIC.16",""
"passed","Fri Aug 30 22:41:47 GMT 2024","Fri Aug 30 22:41:47 GMT 2024","0","","HYPERON-EXPERIMENTAL-SCRIPTS","","HYPERON-EXPERIMENTAL-SCRIPTS","","D1-GADT.07",""
"passed","Fri Aug 30 22:41:47 GMT 2024","Fri Aug 30 22:41:47 GMT 2024","0","","HYPERON-EXPERIMENTAL-SCRIPTS","","HYPERON-EXPERIMENTAL-SCRIPTS","","B5-TYPES-PRELIM.18",""
"passed","Fri Aug 30 22:41:47 GMT 2024","Fri Aug 30 22:41:47 GMT 2024","0","","HYPERON-EXPERIMENTAL-SCRIPTS","","HYPERON-EXPERIMENTAL-SCRIPTS","","B5-TYPES-PRELIM.12",""
"passed","Fri Aug 30 22:43:01 GMT 2024","Fri Aug 30 22:43:01 GMT 2024","0","","METTA-MORPH-TESTS","","METTA-MORPH-TESTS","","SUPERPOSE-NESTED.02",""
"passed","Fri Aug 30 22:41:37 GMT 2024","Fri Aug 30 22:41:39 GMT 2024","2000","","WHOLE-TESTS","","WHOLE-TESTS","","metta-morph_tests.types2",""
"passed","Fri Aug 30 22:42:34 GMT 2024","Fri Aug 30 22:42:34 GMT 2024","0","","HYPERON-METTALOG-SANITY","","HYPERON-METTALOG-SANITY","","XOR-TEST.08",""
"passed","Fri Aug 30 22:41:47 GMT 2024","Fri Aug 30 22:41:47 GMT 2024","0","","HYPERON-EXPERIMENTAL-SCRIPTS","","HYPERON-EXPERIMENTAL-SCRIPTS","","D1-GADT.03",""
"passed","Fri Aug 30 22:41:47 GMT 2024","Fri Aug 30 22:41:47 GMT 2024","0","","HYPERON-EXPERIMENTAL-SCRIPTS","","HYPERON-EXPERIMENTAL-SCRIPTS","","B1-EQUAL-CHAIN.06",""
"passed","Fri Aug 30 22:43:01 GMT 2024","Fri Aug 30 22:43:01 GMT 2024","0","","METTA-MORPH-TESTS","","METTA-MORPH-TESTS","","SUPERCOLLAPSE.01",""
"passed","Fri Aug 30 22:41:21 GMT 2024","Fri Aug 30 22:41:21 GMT 2024","0","","MODULE-SYSTEM","","MODULE-SYSTEM","","C2-SPACES.03",""
"passed","Fri Aug 30 22:41:47 GMT 2024","Fri Aug 30 22:41:47 GMT 2024","0","","HYPERON-EXPERIMENTAL-SCRIPTS","","HYPERON-EXPERIMENTAL-SCRIPTS","","C1-GROUNDED-BASIC.08",""
"passed","Fri Aug 30 22:41:47 GMT 2024","Fri Aug 30 22:41:47 GMT 2024","0","","HYPERON-EXPERIMENTAL-SCRIPTS","","HYPERON-EXPERIMENTAL-SCRIPTS","","B5-TYPES-PRELIM.19",""
"passed","Fri Aug 30 22:41:47 GMT 2024","Fri Aug 30 22:41:47 GMT 2024","0","","HYPERON-EXPERIMENTAL-SCRIPTS","","HYPERON-EXPERIMENTAL-SCRIPTS","","C3-PLN-STV.01",""
"passed","Fri Aug 30 22:41:47 GMT 2024","Fri Aug 30 22:41:47 GMT 2024","0","","HYPERON-EXPERIMENTAL-SCRIPTS","","HYPERON-EXPERIMENTAL-SCRIPTS","","B3-DIRECT.03",""
"passed","Fri Aug 30 22:41:47 GMT 2024","Fri Aug 30 22:41:47 GMT 2024","0","","HYPERON-EXPERIMENTAL-SCRIPTS","","HYPERON-EXPERIMENTAL-SCRIPTS","","C1-GROUNDED-BASIC.12",""
"passed","Fri Aug 30 22:41:47 GMT 2024","Fri Aug 30 22:41:47 GMT 2024","0","","HYPERON-EXPERIMENTAL-SCRIPTS","","HYPERON-EXPERIMENTAL-SCRIPTS","","B5-TYPES-PRELIM.21",""
"passed","Fri Aug 30 22:43:01 GMT 2024","Fri Aug 30 22:43:01 GMT 2024","0","","METTA-MORPH-TESTS","","METTA-MORPH-TESTS","","SEQUENTIAL-NESTED.06",""
"passed","Fri Aug 30 22:41:47 GMT 2024","Fri Aug 30 22:41:47 GMT 2024","0","","HYPERON-EXPERIMENTAL-SCRIPTS","","HYPERON-EXPERIMENTAL-SCRIPTS","","B2-BACKCHAIN.05",""
"passed","Fri Aug 30 22:41:47 GMT 2024","Fri Aug 30 22:41:47 GMT 2024","0","","HYPERON-EXPERIMENTAL-SCRIPTS","","HYPERON-EXPERIMENTAL-SCRIPTS","","B4-NONDETERM.07",""
"passed","Fri Aug 30 22:42:34 GMT 2024","Fri Aug 30 22:42:34 GMT 2024","0","","HYPERON-METTALOG-SANITY","","HYPERON-METTALOG-SANITY","","SUBTRACTION-TEST.07",""
"passed","Fri Aug 30 22:42:34 GMT 2024","Fri Aug 30 22:42:34 GMT 2024","0","","HYPERON-METTALOG-SANITY","","HYPERON-METTALOG-SANITY","","06-MATCH-IN-SPACE.05",""
"passed","Fri Aug 30 22:43:01 GMT 2024","Fri Aug 30 22:43:01 GMT 2024","0","","METTA-MORPH-TESTS","","METTA-MORPH-TESTS","","MATCH-VOID.03",""
"passed","Fri Aug 30 22:42:34 GMT 2024","Fri Aug 30 22:42:34 GMT 2024","0","","HYPERON-METTALOG-SANITY","","HYPERON-METTALOG-SANITY","","06-MATCH-IN-SPACE.04",""
"passed","Fri Aug 30 22:42:34 GMT 2024","Fri Aug 30 22:42:34 GMT 2024","0","","HYPERON-METTALOG-SANITY","","HYPERON-METTALOG-SANITY","","SUBTRACTION-TEST.01",""
"passed","Fri Aug 30 22:41:37 GMT 2024","Fri Aug 30 22:41:39 GMT 2024","2000","","WHOLE-TESTS","","WHOLE-TESTS","","metta-morph_tests.letlet",""
"passed","Fri Aug 30 22:41:47 GMT 2024","Fri Aug 30 22:41:47 GMT 2024","0","","HYPERON-EXPERIMENTAL-SCRIPTS","","HYPERON-EXPERIMENTAL-SCRIPTS","","B1-EQUAL-CHAIN.01",""
"passed","Fri Aug 30 22:41:37 GMT 2024","Fri Aug 30 22:41:40 GMT 2024","3000","","WHOLE-TESTS","","WHOLE-TESTS","","hyperon-experimental_scripts.c2_spaces",""
"passed","Fri Aug 30 22:41:47 GMT 2024","Fri Aug 30 22:41:47 GMT 2024","0","","HYPERON-EXPERIMENTAL-SCRIPTS","","HYPERON-EXPERIMENTAL-SCRIPTS","","B5-TYPES-PRELIM.04",""
"passed","Fri Aug 30 22:41:47 GMT 2024","Fri Aug 30 22:41:47 GMT 2024","0","","HYPERON-EXPERIMENTAL-SCRIPTS","","HYPERON-EXPERIMENTAL-SCRIPTS","","D3-DEPTYPES.06",""
"passed","Fri Aug 30 22:41:37 GMT 2024","Fri Aug 30 22:41:39 GMT 2024","2000","","WHOLE-TESTS","","WHOLE-TESTS","","metta-morph_tests.zeroargs",""
"passed","Fri Aug 30 22:43:01 GMT 2024","Fri Aug 30 22:43:01 GMT 2024","0","","METTA-MORPH-TESTS","","METTA-MORPH-TESTS","","SEQUENTIAL-NESTED.11",""
"passed","Fri Aug 30 22:42:34 GMT 2024","Fri Aug 30 22:42:34 GMT 2024","0","","HYPERON-METTALOG-SANITY","","HYPERON-METTALOG-SANITY","","UNIQUE-TEST.08",""
"passed","Fri Aug 30 22:41:47 GMT 2024","Fri Aug 30 22:41:47 GMT 2024","0","","HYPERON-EXPERIMENTAL-SCRIPTS","","HYPERON-EXPERIMENTAL-SCRIPTS","","E3-MATCH-STATES.01",""
"failed","Fri Aug 30 22:41:47 GMT 2024","Fri Aug 30 22:41:47 GMT 2024","0","","HYPERON-EXPERIMENTAL-SCRIPTS","","HYPERON-EXPERIMENTAL-SCRIPTS","","B5-TYPES-PRELIM.24",""
"passed","Fri Aug 30 22:41:47 GMT 2024","Fri Aug 30 22:41:47 GMT 2024","0","","HYPERON-EXPERIMENTAL-SCRIPTS","","HYPERON-EXPERIMENTAL-SCRIPTS","","D2-HIGHERFUNC.11",""
"passed","Fri Aug 30 22:42:34 GMT 2024","Fri Aug 30 22:42:34 GMT 2024","0","","HYPERON-METTALOG-SANITY","","HYPERON-METTALOG-SANITY","","06-MATCH-IN-SPACE.01",""
"passed","Fri Aug 30 22:43:01 GMT 2024","Fri Aug 30 22:43:01 GMT 2024","0","","METTA-MORPH-TESTS","","METTA-MORPH-TESTS","","STATES-SPACES.05",""
"passed","Fri Aug 30 22:41:47 GMT 2024","Fri Aug 30 22:41:47 GMT 2024","0","","HYPERON-EXPERIMENTAL-SCRIPTS","","HYPERON-EXPERIMENTAL-SCRIPTS","","F1-IMPORTS.12",""
"passed","Fri Aug 30 22:43:01 GMT 2024","Fri Aug 30 22:43:01 GMT 2024","0","","METTA-MORPH-TESTS","","METTA-MORPH-TESTS","","MATCH-VOID.07",""
"passed","Fri Aug 30 22:42:34 GMT 2024","Fri Aug 30 22:42:34 GMT 2024","0","","HYPERON-METTALOG-SANITY","","HYPERON-METTALOG-SANITY","","03-SORING-VIA-INSERT.06",""
"passed","Fri Aug 30 22:41:47 GMT 2024","Fri Aug 30 22:41:47 GMT 2024","0","","HYPERON-EXPERIMENTAL-SCRIPTS","","HYPERON-EXPERIMENTAL-SCRIPTS","","B1-EQUAL-CHAIN.04",""
"passed","Fri Aug 30 22:43:01 GMT 2024","Fri Aug 30 22:43:01 GMT 2024","0","","METTA-MORPH-TESTS","","METTA-MORPH-TESTS","","NALIFIER.01",""
"passed","Fri Aug 30 22:41:47 GMT 2024","Fri Aug 30 22:41:47 GMT 2024","0","","HYPERON-EXPERIMENTAL-SCRIPTS","","HYPERON-EXPERIMENTAL-SCRIPTS","","C3-PLN-STV.05",""
"passed","Fri Aug 30 22:42:34 GMT 2024","Fri Aug 30 22:42:34 GMT 2024","0","","HYPERON-METTALOG-SANITY","","HYPERON-METTALOG-SANITY","","STRING-TESTS.19",""
"passed","Fri Aug 30 22:41:47 GMT 2024","Fri Aug 30 22:41:47 GMT 2024","0","","HYPERON-EXPERIMENTAL-SCRIPTS","","HYPERON-EXPERIMENTAL-SCRIPTS","","B5-TYPES-PRELIM.03",""
"passed","Fri Aug 30 22:41:47 GMT 2024","Fri Aug 30 22:41:47 GMT 2024","0","","HYPERON-EXPERIMENTAL-SCRIPTS","","HYPERON-EXPERIMENTAL-SCRIPTS","","D2-HIGHERFUNC.16",""
"passed","Fri Aug 30 22:42:34 GMT 2024","Fri Aug 30 22:42:34 GMT 2024","0","","HYPERON-METTALOG-SANITY","","HYPERON-METTALOG-SANITY","","03-SORING-VIA-INSERT.03",""
"passed","Fri Aug 30 22:41:47 GMT 2024","Fri Aug 30 22:41:47 GMT 2024","0","","HYPERON-EXPERIMENTAL-SCRIPTS","","HYPERON-EXPERIMENTAL-SCRIPTS","","D1-GADT.13",""
"passed","Fri Aug 30 22:41:37 GMT 2024","Fri Aug 30 22:41:40 GMT 2024","3000","","WHOLE-TESTS","","WHOLE-TESTS","","hyperon-experimental_scripts.f1_imports",""
"passed","Fri Aug 30 22:41:47 GMT 2024","Fri Aug 30 22:41:47 GMT 2024","0","","HYPERON-EXPERIMENTAL-SCRIPTS","","HYPERON-EXPERIMENTAL-SCRIPTS","","E2-STATES.04",""
"passed","Fri Aug 30 22:43:01 GMT 2024","Fri Aug 30 22:43:01 GMT 2024","0","","METTA-MORPH-TESTS","","METTA-MORPH-TESTS","","SEQUENTIAL-NESTED.07",""
"passed","Fri Aug 30 22:42:34 GMT 2024","Fri Aug 30 22:42:34 GMT 2024","0","","HYPERON-METTALOG-SANITY","","HYPERON-METTALOG-SANITY","","STRING-TESTS.15",""
"passed","Fri Aug 30 22:43:01 GMT 2024","Fri Aug 30 22:43:01 GMT 2024","0","","METTA-MORPH-TESTS","","METTA-MORPH-TESTS","","LETLET.01",""
"passed","Fri Aug 30 22:41:47 GMT 2024","Fri Aug 30 22:41:47 GMT 2024","0","","HYPERON-EXPERIMENTAL-SCRIPTS","","HYPERON-EXPERIMENTAL-SCRIPTS","","D4-TYPE-PROP.09",""
"passed","Fri Aug 30 22:43:01 GMT 2024","Fri Aug 30 22:43:01 GMT 2024","0","","METTA-MORPH-TESTS","","METTA-MORPH-TESTS","","ZEROARGS.01",""
"passed","Fri Aug 30 22:41:47 GMT 2024","Fri Aug 30 22:41:47 GMT 2024","0","","HYPERON-EXPERIMENTAL-SCRIPTS","","HYPERON-EXPERIMENTAL-SCRIPTS","","B0-CHAINING-PRELIM.03",""
"passed","Fri Aug 30 22:43:01 GMT 2024","Fri Aug 30 22:43:01 GMT 2024","0","","METTA-MORPH-TESTS","","METTA-MORPH-TESTS","","SEQUENTIAL-NESTED.08",""
"passed","Fri Aug 30 22:41:47 GMT 2024","Fri Aug 30 22:41:47 GMT 2024","0","","HYPERON-EXPERIMENTAL-SCRIPTS","","HYPERON-EXPERIMENTAL-SCRIPTS","","B4-NONDETERM.06",""
"passed","Fri Aug 30 22:41:47 GMT 2024","Fri Aug 30 22:41:47 GMT 2024","0","","HYPERON-EXPERIMENTAL-SCRIPTS","","HYPERON-EXPERIMENTAL-SCRIPTS","","B5-TYPES-PRELIM.22",""
"passed","Fri Aug 30 22:41:47 GMT 2024","Fri Aug 30 22:41:47 GMT 2024","0","","HYPERON-EXPERIMENTAL-SCRIPTS","","HYPERON-EXPERIMENTAL-SCRIPTS","","D4-TYPE-PROP.18",""
"passed","Fri Aug 30 22:42:34 GMT 2024","Fri Aug 30 22:42:34 GMT 2024","0","","HYPERON-METTALOG-SANITY","","HYPERON-METTALOG-SANITY","","UNIQUE-TEST.03",""
"passed","Fri Aug 30 22:41:47 GMT 2024","Fri Aug 30 22:41:47 GMT 2024","0","","HYPERON-EXPERIMENTAL-SCRIPTS","","HYPERON-EXPERIMENTAL-SCRIPTS","","D2-HIGHERFUNC.01",""
"passed","Fri Aug 30 22:43:01 GMT 2024","Fri Aug 30 22:43:01 GMT 2024","0","","METTA-MORPH-TESTS","","METTA-MORPH-TESTS","","TYPES2.03",""
"passed","Fri Aug 30 22:41:47 GMT 2024","Fri Aug 30 22:41:47 GMT 2024","0","","HYPERON-EXPERIMENTAL-SCRIPTS","","HYPERON-EXPERIMENTAL-SCRIPTS","","C1-GROUNDED-BASIC.06",""
"passed","Fri Aug 30 22:41:47 GMT 2024","Fri Aug 30 22:41:47 GMT 2024","0","","HYPERON-EXPERIMENTAL-SCRIPTS","","HYPERON-EXPERIMENTAL-SCRIPTS","","A3-TWOSIDE.04",""
"passed","Fri Aug 30 22:41:47 GMT 2024","Fri Aug 30 22:41:47 GMT 2024","0","","HYPERON-EXPERIMENTAL-SCRIPTS","","HYPERON-EXPERIMENTAL-SCRIPTS","","C1-GROUNDED-BASIC.05",""
"passed","Fri Aug 30 22:41:47 GMT 2024","Fri Aug 30 22:41:47 GMT 2024","0","","HYPERON-EXPERIMENTAL-SCRIPTS","","HYPERON-EXPERIMENTAL-SCRIPTS","","A3-TWOSIDE.03",""
"passed","Fri Aug 30 22:42:34 GMT 2024","Fri Aug 30 22:42:34 GMT 2024","0","","HYPERON-METTALOG-SANITY","","HYPERON-METTALOG-SANITY","","SUBTRACTION-TEST.10",""
"passed","Fri Aug 30 22:42:34 GMT 2024","Fri Aug 30 22:42:34 GMT 2024","0","","HYPERON-METTALOG-SANITY","","HYPERON-METTALOG-SANITY","","UNIQUE-TEST.01",""
"passed","Fri Aug 30 22:41:47 GMT 2024","Fri Aug 30 22:41:47 GMT 2024","0","","HYPERON-EXPERIMENTAL-SCRIPTS","","HYPERON-EXPERIMENTAL-SCRIPTS","","D2-HIGHERFUNC.21",""
"passed","Fri Aug 30 22:41:47 GMT 2024","Fri Aug 30 22:41:47 GMT 2024","0","","HYPERON-EXPERIMENTAL-SCRIPTS","","HYPERON-EXPERIMENTAL-SCRIPTS","","E2-STATES.01",""
"passed","Fri Aug 30 22:41:37 GMT 2024","Fri Aug 30 22:41:39 GMT 2024","2000","","WHOLE-TESTS","","WHOLE-TESTS","","metta-morph_tests.types",""
"passed","Fri Aug 30 22:41:47 GMT 2024","Fri Aug 30 22:41:47 GMT 2024","0","","HYPERON-EXPERIMENTAL-SCRIPTS","","HYPERON-EXPERIMENTAL-SCRIPTS","","C2-SPACES.04",""
"passed","Fri Aug 30 22:43:01 GMT 2024","Fri Aug 30 22:43:01 GMT 2024","0","","METTA-MORPH-TESTS","","METTA-MORPH-TESTS","","SUPERCOLLAPSE.04",""
"passed","Fri Aug 30 22:41:37 GMT 2024","Fri Aug 30 22:41:39 GMT 2024","2000","","WHOLE-TESTS","","WHOLE-TESTS","","metta-morph_tests.types3",""
"passed","Fri Aug 30 22:41:37 GMT 2024","Fri Aug 30 22:41:39 GMT 2024","2000","","WHOLE-TESTS","","WHOLE-TESTS","","hyperon-experimental_scripts.f1_moduleA",""
"passed","Fri Aug 30 22:41:47 GMT 2024","Fri Aug 30 22:41:47 GMT 2024","0","","HYPERON-EXPERIMENTAL-SCRIPTS","","HYPERON-EXPERIMENTAL-SCRIPTS","","B4-NONDETERM.10",""
"passed","Fri Aug 30 22:43:01 GMT 2024","Fri Aug 30 22:43:01 GMT 2024","0","","METTA-MORPH-TESTS","","METTA-MORPH-TESTS","","PEANO.01",""
"passed","Fri Aug 30 22:41:47 GMT 2024","Fri Aug 30 22:41:47 GMT 2024","0","","HYPERON-EXPERIMENTAL-SCRIPTS","","HYPERON-EXPERIMENTAL-SCRIPTS","","F1-IMPORTS.16",""
"passed","Fri Aug 30 22:41:47 GMT 2024","Fri Aug 30 22:41:47 GMT 2024","0","","HYPERON-EXPERIMENTAL-SCRIPTS","","HYPERON-EXPERIMENTAL-SCRIPTS","","D4-TYPE-PROP.02",""
"passed","Fri Aug 30 22:41:47 GMT 2024","Fri Aug 30 22:41:47 GMT 2024","0","","HYPERON-EXPERIMENTAL-SCRIPTS","","HYPERON-EXPERIMENTAL-SCRIPTS","","D4-TYPE-PROP.15",""
"passed","Fri Aug 30 22:41:37 GMT 2024","Fri Aug 30 22:41:39 GMT 2024","2000","","WHOLE-TESTS","","WHOLE-TESTS","","hyperon-experimental_scripts.d4_type_prop",""
"passed","Fri Aug 30 22:42:34 GMT 2024","Fri Aug 30 22:42:34 GMT 2024","0","","HYPERON-METTALOG-SANITY","","HYPERON-METTALOG-SANITY","","STRING-TESTS.16",""
"passed","Fri Aug 30 22:41:47 GMT 2024","Fri Aug 30 22:41:47 GMT 2024","0","","HYPERON-EXPERIMENTAL-SCRIPTS","","HYPERON-EXPERIMENTAL-SCRIPTS","","D4-TYPE-PROP.16",""
"passed","Fri Aug 30 22:41:47 GMT 2024","Fri Aug 30 22:41:47 GMT 2024","0","","HYPERON-EXPERIMENTAL-SCRIPTS","","HYPERON-EXPERIMENTAL-SCRIPTS","","E2-STATES.05",""
"passed","Fri Aug 30 22:41:47 GMT 2024","Fri Aug 30 22:41:47 GMT 2024","0","","HYPERON-EXPERIMENTAL-SCRIPTS","","HYPERON-EXPERIMENTAL-SCRIPTS","","F1-MODULEA.05",""
"passed","Fri Aug 30 22:41:21 GMT 2024","Fri Aug 30 22:41:21 GMT 2024","0","","MODULE-SYSTEM","","MODULE-SYSTEM","","F1-IMPORTS.09",""
"passed","Fri Aug 30 22:42:34 GMT 2024","Fri Aug 30 22:42:34 GMT 2024","0","","HYPERON-METTALOG-SANITY","","HYPERON-METTALOG-SANITY","","STRING-TESTS.11",""
"passed","Fri Aug 30 22:41:47 GMT 2024","Fri Aug 30 22:41:47 GMT 2024","0","","HYPERON-EXPERIMENTAL-SCRIPTS","","HYPERON-EXPERIMENTAL-SCRIPTS","","D2-HIGHERFUNC.02",""
"passed","Fri Aug 30 22:41:37 GMT 2024","Fri Aug 30 22:41:40 GMT 2024","3000","","WHOLE-TESTS","","WHOLE-TESTS","","module-system.c2_spaces",""
"passed","Fri Aug 30 22:42:34 GMT 2024","Fri Aug 30 22:42:34 GMT 2024","0","","HYPERON-METTALOG-SANITY","","HYPERON-METTALOG-SANITY","","UNIQUE-TEST.06",""
"passed","Fri Aug 30 22:41:47 GMT 2024","Fri Aug 30 22:41:47 GMT 2024","0","","HYPERON-EXPERIMENTAL-SCRIPTS","","HYPERON-EXPERIMENTAL-SCRIPTS","","D4-TYPE-PROP.10",""
"passed","Fri Aug 30 22:41:47 GMT 2024","Fri Aug 30 22:41:47 GMT 2024","0","","HYPERON-EXPERIMENTAL-SCRIPTS","","HYPERON-EXPERIMENTAL-SCRIPTS","","C1-GROUNDED-BASIC.03",""
"passed","Fri Aug 30 22:41:47 GMT 2024","Fri Aug 30 22:41:47 GMT 2024","0","","HYPERON-EXPERIMENTAL-SCRIPTS","","HYPERON-EXPERIMENTAL-SCRIPTS","","C1-GROUNDED-BASIC.22",""
"passed","Fri Aug 30 22:41:47 GMT 2024","Fri Aug 30 22:41:47 GMT 2024","0","","HYPERON-EXPERIMENTAL-SCRIPTS","","HYPERON-EXPERIMENTAL-SCRIPTS","","D2-HIGHERFUNC.08",""
"passed","Fri Aug 30 22:41:47 GMT 2024","Fri Aug 30 22:41:47 GMT 2024","0","","HYPERON-EXPERIMENTAL-SCRIPTS","","HYPERON-EXPERIMENTAL-SCRIPTS","","C1-GROUNDED-BASIC.21",""
"passed","Fri Aug 30 22:43:01 GMT 2024","Fri Aug 30 22:43:01 GMT 2024","0","","METTA-MORPH-TESTS","","METTA-MORPH-TESTS","","SUPERCOLLAPSE.07",""
"passed","Fri Aug 30 22:42:34 GMT 2024","Fri Aug 30 22:42:34 GMT 2024","0","","HYPERON-METTALOG-SANITY","","HYPERON-METTALOG-SANITY","","SUBTRACTION-TEST.05",""
"passed","Fri Aug 30 22:43:01 GMT 2024","Fri Aug 30 22:43:01 GMT 2024","0","","METTA-MORPH-TESTS","","METTA-MORPH-TESTS","","MULTIFUNCTION.01",""
"passed","Fri Aug 30 22:43:01 GMT 2024","Fri Aug 30 22:43:01 GMT 2024","0","","METTA-MORPH-TESTS","","METTA-MORPH-TESTS","","MATCH-SUPERPOSED-SPACES.01",""
"passed","Fri Aug 30 22:41:47 GMT 2024","Fri Aug 30 22:41:47 GMT 2024","0","","HYPERON-EXPERIMENTAL-SCRIPTS","","HYPERON-EXPERIMENTAL-SCRIPTS","","D2-HIGHERFUNC.14",""
"passed","Fri Aug 30 22:41:47 GMT 2024","Fri Aug 30 22:41:47 GMT 2024","0","","HYPERON-EXPERIMENTAL-SCRIPTS","","HYPERON-EXPERIMENTAL-SCRIPTS","","D2-HIGHERFUNC.23",""
"passed","Fri Aug 30 22:41:47 GMT 2024","Fri Aug 30 22:41:47 GMT 2024","0","","HYPERON-EXPERIMENTAL-SCRIPTS","","HYPERON-EXPERIMENTAL-SCRIPTS","","D2-HIGHERFUNC.10",""
"passed","Fri Aug 30 22:41:47 GMT 2024","Fri Aug 30 22:41:47 GMT 2024","0","","HYPERON-EXPERIMENTAL-SCRIPTS","","HYPERON-EXPERIMENTAL-SCRIPTS","","E2-STATES.10",""
"passed","Fri Aug 30 22:41:37 GMT 2024","Fri Aug 30 22:41:42 GMT 2024","5000","","WHOLE-TESTS","","WHOLE-TESTS","","metta-morph_tests.tests0",""
"passed","Fri Aug 30 22:41:47 GMT 2024","Fri Aug 30 22:41:47 GMT 2024","0","","HYPERON-EXPERIMENTAL-SCRIPTS","","HYPERON-EXPERIMENTAL-SCRIPTS","","C3-PLN-STV.04",""
"passed","Fri Aug 30 22:43:01 GMT 2024","Fri Aug 30 22:43:01 GMT 2024","0","","METTA-MORPH-TESTS","","METTA-MORPH-TESTS","","TYPES2.04",""
"passed","Fri Aug 30 22:42:34 GMT 2024","Fri Aug 30 22:42:34 GMT 2024","0","","HYPERON-METTALOG-SANITY","","HYPERON-METTALOG-SANITY","","03-SORING-VIA-INSERT.05",""
"failed","Fri Aug 30 22:41:47 GMT 2024","Fri Aug 30 22:41:47 GMT 2024","0","","HYPERON-EXPERIMENTAL-SCRIPTS","","HYPERON-EXPERIMENTAL-SCRIPTS","","D5-AUTO-TYPES.06",""
"passed","Fri Aug 30 22:42:34 GMT 2024","Fri Aug 30 22:42:34 GMT 2024","0","","HYPERON-METTALOG-SANITY","","HYPERON-METTALOG-SANITY","","00-LANG-CASE.02",""
"passed","Fri Aug 30 22:41:21 GMT 2024","Fri Aug 30 22:41:21 GMT 2024","0","","MODULE-SYSTEM","","MODULE-SYSTEM","","F1-IMPORTS.10",""
"passed","Fri Aug 30 22:41:37 GMT 2024","Fri Aug 30 22:41:39 GMT 2024","2000","","WHOLE-TESTS","","WHOLE-TESTS","","module-system.f1_moduleA",""
"passed","Fri Aug 30 22:41:47 GMT 2024","Fri Aug 30 22:41:47 GMT 2024","0","","HYPERON-EXPERIMENTAL-SCRIPTS","","HYPERON-EXPERIMENTAL-SCRIPTS","","B0-CHAINING-PRELIM.05",""
"passed","Fri Aug 30 22:42:34 GMT 2024","Fri Aug 30 22:42:34 GMT 2024","0","","HYPERON-METTALOG-SANITY","","HYPERON-METTALOG-SANITY","","00-LANG-CASE.12",""
"passed","Fri Aug 30 22:41:47 GMT 2024","Fri Aug 30 22:41:47 GMT 2024","0","","HYPERON-EXPERIMENTAL-SCRIPTS","","HYPERON-EXPERIMENTAL-SCRIPTS","","D1-GADT.04",""
"passed","Fri Aug 30 22:41:37 GMT 2024","Fri Aug 30 22:41:39 GMT 2024","2000","","WHOLE-TESTS","","WHOLE-TESTS","","metta-morph_tests.and_or",""
"passed","Fri Aug 30 22:41:47 GMT 2024","Fri Aug 30 22:41:47 GMT 2024","0","","HYPERON-EXPERIMENTAL-SCRIPTS","","HYPERON-EXPERIMENTAL-SCRIPTS","","D1-GADT.05",""
"passed","Fri Aug 30 22:41:21 GMT 2024","Fri Aug 30 22:41:21 GMT 2024","0","","MODULE-SYSTEM","","MODULE-SYSTEM","","F1-MODULEA.07",""
"passed","Fri Aug 30 22:41:47 GMT 2024","Fri Aug 30 22:41:47 GMT 2024","0","","HYPERON-EXPERIMENTAL-SCRIPTS","","HYPERON-EXPERIMENTAL-SCRIPTS","","D3-DEPTYPES.01",""
"passed","Fri Aug 30 22:42:34 GMT 2024","Fri Aug 30 22:42:34 GMT 2024","0","","HYPERON-METTALOG-SANITY","","HYPERON-METTALOG-SANITY","","UNIQUE-TEST.11",""
"passed","Fri Aug 30 22:41:47 GMT 2024","Fri Aug 30 22:41:47 GMT 2024","0","","HYPERON-EXPERIMENTAL-SCRIPTS","","HYPERON-EXPERIMENTAL-SCRIPTS","","D1-GADT.06",""
"passed","Fri Aug 30 22:42:34 GMT 2024","Fri Aug 30 22:42:34 GMT 2024","0","","HYPERON-METTALOG-SANITY","","HYPERON-METTALOG-SANITY","","XOR-TEST.06",""
"failed","Fri Aug 30 22:41:47 GMT 2024","Fri Aug 30 22:41:47 GMT 2024","0","","HYPERON-EXPERIMENTAL-SCRIPTS","","HYPERON-EXPERIMENTAL-SCRIPTS","","B5-TYPES-PRELIM.02",""
"passed","Fri Aug 30 22:43:01 GMT 2024","Fri Aug 30 22:43:01 GMT 2024","0","","METTA-MORPH-TESTS","","METTA-MORPH-TESTS","","TESTS0.05",""
"passed","Fri Aug 30 22:41:47 GMT 2024","Fri Aug 30 22:41:47 GMT 2024","0","","HYPERON-EXPERIMENTAL-SCRIPTS","","HYPERON-EXPERIMENTAL-SCRIPTS","","D2-HIGHERFUNC.05",""
"passed","Fri Aug 30 22:41:47 GMT 2024","Fri Aug 30 22:41:47 GMT 2024","0","","HYPERON-EXPERIMENTAL-SCRIPTS","","HYPERON-EXPERIMENTAL-SCRIPTS","","D2-HIGHERFUNC.12",""
"passed","Fri Aug 30 22:41:21 GMT 2024","Fri Aug 30 22:41:21 GMT 2024","0","","MODULE-SYSTEM","","MODULE-SYSTEM","","F1-IMPORTS.08",""
"passed","Fri Aug 30 22:41:37 GMT 2024","Fri Aug 30 22:41:40 GMT 2024","3000","","WHOLE-TESTS","","WHOLE-TESTS","","metta-morph_tests.nalifier",""
"passed","Fri Aug 30 22:42:34 GMT 2024","Fri Aug 30 22:42:34 GMT 2024","0","","HYPERON-METTALOG-SANITY","","HYPERON-METTALOG-SANITY","","XOR-TEST.10",""
"passed","Fri Aug 30 22:42:34 GMT 2024","Fri Aug 30 22:42:34 GMT 2024","0","","HYPERON-METTALOG-SANITY","","HYPERON-METTALOG-SANITY","","00-LANG-CASE.16",""
"passed","Fri Aug 30 22:41:37 GMT 2024","Fri Aug 30 22:41:39 GMT 2024","2000","","WHOLE-TESTS","","WHOLE-TESTS","","hyperon-experimental_scripts.b1_equal_chain",""
"passed","Fri Aug 30 22:43:01 GMT 2024","Fri Aug 30 22:43:01 GMT 2024","0","","METTA-MORPH-TESTS","","METTA-MORPH-TESTS","","STATES-SPACES.02",""
"passed","Fri Aug 30 22:42:34 GMT 2024","Fri Aug 30 22:42:34 GMT 2024","0","","HYPERON-METTALOG-SANITY","","HYPERON-METTALOG-SANITY","","UNIQUE-TEST.07",""
"passed","Fri Aug 30 22:41:37 GMT 2024","Fri Aug 30 22:41:40 GMT 2024","3000","","WHOLE-TESTS","","WHOLE-TESTS","","metta-morph_tests.states_spaces",""
"passed","Fri Aug 30 22:41:47 GMT 2024","Fri Aug 30 22:41:47 GMT 2024","0","","HYPERON-EXPERIMENTAL-SCRIPTS","","HYPERON-EXPERIMENTAL-SCRIPTS","","C1-GROUNDED-BASIC.13",""
"passed","Fri Aug 30 22:41:47 GMT 2024","Fri Aug 30 22:41:47 GMT 2024","0","","HYPERON-EXPERIMENTAL-SCRIPTS","","HYPERON-EXPERIMENTAL-SCRIPTS","","D1-GADT.10",""
"passed","Fri Aug 30 22:42:34 GMT 2024","Fri Aug 30 22:42:34 GMT 2024","0","","HYPERON-METTALOG-SANITY","","HYPERON-METTALOG-SANITY","","STRUCTURE-TESTS.01",""
"passed","Fri Aug 30 22:41:47 GMT 2024","Fri Aug 30 22:41:47 GMT 2024","0","","HYPERON-EXPERIMENTAL-SCRIPTS","","HYPERON-EXPERIMENTAL-SCRIPTS","","A3-TWOSIDE.02",""
"passed","Fri Aug 30 22:41:47 GMT 2024","Fri Aug 30 22:41:47 GMT 2024","0","","HYPERON-EXPERIMENTAL-SCRIPTS","","HYPERON-EXPERIMENTAL-SCRIPTS","","C1-GROUNDED-BASIC.01",""
"passed","Fri Aug 30 22:41:47 GMT 2024","Fri Aug 30 22:41:47 GMT 2024","0","","HYPERON-EXPERIMENTAL-SCRIPTS","","HYPERON-EXPERIMENTAL-SCRIPTS","","C1-GROUNDED-BASIC.11",""
"passed","Fri Aug 30 22:42:34 GMT 2024","Fri Aug 30 22:42:34 GMT 2024","0","","HYPERON-METTALOG-SANITY","","HYPERON-METTALOG-SANITY","","SUBTRACTION-TEST.08",""
"failed","Fri Aug 30 22:41:47 GMT 2024","Fri Aug 30 22:41:47 GMT 2024","0","","HYPERON-EXPERIMENTAL-SCRIPTS","","HYPERON-EXPERIMENTAL-SCRIPTS","","D5-AUTO-TYPES.01",""
"passed","Fri Aug 30 22:43:01 GMT 2024","Fri Aug 30 22:43:01 GMT 2024","0","","METTA-MORPH-TESTS","","METTA-MORPH-TESTS","","LET-SUPERPOSE-IF-CASE.01",""
"passed","Fri Aug 30 22:43:01 GMT 2024","Fri Aug 30 22:43:01 GMT 2024","0","","METTA-MORPH-TESTS","","METTA-MORPH-TESTS","","SEQUENTIAL-NESTED.03",""
"passed","Fri Aug 30 22:42:34 GMT 2024","Fri Aug 30 22:42:34 GMT 2024","0","","HYPERON-METTALOG-SANITY","","HYPERON-METTALOG-SANITY","","00-LANG-CASE.11",""
"passed","Fri Aug 30 22:43:01 GMT 2024","Fri Aug 30 22:43:01 GMT 2024","0","","METTA-MORPH-TESTS","","METTA-MORPH-TESTS","","SEQUENTIAL-NESTED.09",""
"passed","Fri Aug 30 22:41:47 GMT 2024","Fri Aug 30 22:41:47 GMT 2024","0","","HYPERON-EXPERIMENTAL-SCRIPTS","","HYPERON-EXPERIMENTAL-SCRIPTS","","A2-OPENCOGGY.01",""
"failed","Fri Aug 30 22:41:47 GMT 2024","Fri Aug 30 22:41:47 GMT 2024","0","","HYPERON-EXPERIMENTAL-SCRIPTS","","HYPERON-EXPERIMENTAL-SCRIPTS","","C1-GROUNDED-BASIC.14",""
"passed","Fri Aug 30 22:42:34 GMT 2024","Fri Aug 30 22:42:34 GMT 2024","0","","HYPERON-METTALOG-SANITY","","HYPERON-METTALOG-SANITY","","UNIQUE-TEST.12",""
"passed","Fri Aug 30 22:41:47 GMT 2024","Fri Aug 30 22:41:47 GMT 2024","0","","HYPERON-EXPERIMENTAL-SCRIPTS","","HYPERON-EXPERIMENTAL-SCRIPTS","","D1-GADT.09",""
"passed","Fri Aug 30 22:41:47 GMT 2024","Fri Aug 30 22:41:47 GMT 2024","0","","HYPERON-EXPERIMENTAL-SCRIPTS","","HYPERON-EXPERIMENTAL-SCRIPTS","","D4-TYPE-PROP.08",""
"passed","Fri Aug 30 22:43:01 GMT 2024","Fri Aug 30 22:43:01 GMT 2024","0","","METTA-MORPH-TESTS","","METTA-MORPH-TESTS","","STATES-SPACES.01",""
"passed","Fri Aug 30 22:41:47 GMT 2024","Fri Aug 30 22:41:47 GMT 2024","0","","HYPERON-EXPERIMENTAL-SCRIPTS","","HYPERON-EXPERIMENTAL-SCRIPTS","","D2-HIGHERFUNC.24",""
"passed","Fri Aug 30 22:42:34 GMT 2024","Fri Aug 30 22:42:34 GMT 2024","0","","HYPERON-METTALOG-SANITY","","HYPERON-METTALOG-SANITY","","STRING-TESTS.06",""
"passed","Fri Aug 30 22:42:34 GMT 2024","Fri Aug 30 22:42:34 GMT 2024","0","","HYPERON-METTALOG-SANITY","","HYPERON-METTALOG-SANITY","","06-MATCH-IN-SPACE.03",""
"passed","Fri Aug 30 22:41:37 GMT 2024","Fri Aug 30 22:41:39 GMT 2024","2000","","WHOLE-TESTS","","WHOLE-TESTS","","hyperon-experimental_scripts.b0_chaining_prelim",""
"passed","Fri Aug 30 22:41:47 GMT 2024","Fri Aug 30 22:41:47 GMT 2024","0","","HYPERON-EXPERIMENTAL-SCRIPTS","","HYPERON-EXPERIMENTAL-SCRIPTS","","D2-HIGHERFUNC.19",""
"passed","Fri Aug 30 22:41:47 GMT 2024","Fri Aug 30 22:41:47 GMT 2024","0","","HYPERON-EXPERIMENTAL-SCRIPTS","","HYPERON-EXPERIMENTAL-SCRIPTS","","E2-STATES.11",""
"passed","Fri Aug 30 22:41:47 GMT 2024","Fri Aug 30 22:41:47 GMT 2024","0","","HYPERON-EXPERIMENTAL-SCRIPTS","","HYPERON-EXPERIMENTAL-SCRIPTS","","C1-GROUNDED-BASIC.02",""
"passed","Fri Aug 30 22:41:47 GMT 2024","Fri Aug 30 22:41:47 GMT 2024","0","","HYPERON-EXPERIMENTAL-SCRIPTS","","HYPERON-EXPERIMENTAL-SCRIPTS","","B5-TYPES-PRELIM.26",""
"passed","Fri Aug 30 22:41:37 GMT 2024","Fri Aug 30 22:41:39 GMT 2024","2000","","WHOLE-TESTS","","WHOLE-TESTS","","hyperon-mettalog_sanity.02-curried-plus",""
"passed","Fri Aug 30 22:41:21 GMT 2024","Fri Aug 30 22:41:21 GMT 2024","0","","MODULE-SYSTEM","","MODULE-SYSTEM","","F1-IMPORTS.16",""
"passed","Fri Aug 30 22:43:01 GMT 2024","Fri Aug 30 22:43:01 GMT 2024","0","","METTA-MORPH-TESTS","","METTA-MORPH-TESTS","","MATCH-VOID.06",""
"passed","Fri Aug 30 22:42:34 GMT 2024","Fri Aug 30 22:42:34 GMT 2024","0","","HYPERON-METTALOG-SANITY","","HYPERON-METTALOG-SANITY","","SUBTRACTION-TEST.03",""
"passed","Fri Aug 30 22:43:01 GMT 2024","Fri Aug 30 22:43:01 GMT 2024","0","","METTA-MORPH-TESTS","","METTA-MORPH-TESTS","","SUPERCOLLAPSE.03",""
"passed","Fri Aug 30 22:42:34 GMT 2024","Fri Aug 30 22:42:34 GMT 2024","0","","HYPERON-METTALOG-SANITY","","HYPERON-METTALOG-SANITY","","06-MATCH-IN-SPACE.02",""
"passed","Fri Aug 30 22:41:47 GMT 2024","Fri Aug 30 22:41:47 GMT 2024","0","","HYPERON-EXPERIMENTAL-SCRIPTS","","HYPERON-EXPERIMENTAL-SCRIPTS","","B1-EQUAL-CHAIN.02",""
"passed","Fri Aug 30 22:41:37 GMT 2024","Fri Aug 30 22:41:39 GMT 2024","2000","","WHOLE-TESTS","","WHOLE-TESTS","","metta-morph_tests.multifunction",""
"passed","Fri Aug 30 22:43:01 GMT 2024","Fri Aug 30 22:43:01 GMT 2024","0","","METTA-MORPH-TESTS","","METTA-MORPH-TESTS","","COLLAPSE.01",""
"passed","Fri Aug 30 22:43:01 GMT 2024","Fri Aug 30 22:43:01 GMT 2024","0","","METTA-MORPH-TESTS","","METTA-MORPH-TESTS","","TESTS0.03",""
"passed","Fri Aug 30 22:43:01 GMT 2024","Fri Aug 30 22:43:01 GMT 2024","0","","METTA-MORPH-TESTS","","METTA-MORPH-TESTS","","MINNARS.01",""
"passed","Fri Aug 30 22:41:47 GMT 2024","Fri Aug 30 22:41:47 GMT 2024","0","","HYPERON-EXPERIMENTAL-SCRIPTS","","HYPERON-EXPERIMENTAL-SCRIPTS","","E2-STATES.06",""
"passed","Fri Aug 30 22:41:21 GMT 2024","Fri Aug 30 22:41:21 GMT 2024","0","","MODULE-SYSTEM","","MODULE-SYSTEM","","F1-MODULEA.06",""
"passed","Fri Aug 30 22:42:34 GMT 2024","Fri Aug 30 22:42:34 GMT 2024","0","","HYPERON-METTALOG-SANITY","","HYPERON-METTALOG-SANITY","","STRING-TESTS.17",""
"passed","Fri Aug 30 22:41:47 GMT 2024","Fri Aug 30 22:41:47 GMT 2024","0","","HYPERON-EXPERIMENTAL-SCRIPTS","","HYPERON-EXPERIMENTAL-SCRIPTS","","B0-CHAINING-PRELIM.01",""
"passed","Fri Aug 30 22:41:47 GMT 2024","Fri Aug 30 22:41:47 GMT 2024","0","","HYPERON-EXPERIMENTAL-SCRIPTS","","HYPERON-EXPERIMENTAL-SCRIPTS","","B2-BACKCHAIN.03",""
"passed","Fri Aug 30 22:42:34 GMT 2024","Fri Aug 30 22:42:34 GMT 2024","0","","HYPERON-METTALOG-SANITY","","HYPERON-METTALOG-SANITY","","00-LANG-CASE.13",""
"passed","Fri Aug 30 22:41:37 GMT 2024","Fri Aug 30 22:41:40 GMT 2024","3000","","WHOLE-TESTS","","WHOLE-TESTS","","metta-morph_tests.let_superpose_if_case",""
"passed","Fri Aug 30 22:42:34 GMT 2024","Fri Aug 30 22:42:34 GMT 2024","0","","HYPERON-METTALOG-SANITY","","HYPERON-METTALOG-SANITY","","STRING-TESTS.21",""
"failed","Fri Aug 30 22:41:47 GMT 2024","Fri Aug 30 22:41:47 GMT 2024","0","","HYPERON-EXPERIMENTAL-SCRIPTS","","HYPERON-EXPERIMENTAL-SCRIPTS","","E2-STATES.08",""
"passed","Fri Aug 30 22:41:47 GMT 2024","Fri Aug 30 22:41:47 GMT 2024","0","","HYPERON-EXPERIMENTAL-SCRIPTS","","HYPERON-EXPERIMENTAL-SCRIPTS","","D2-HIGHERFUNC.26",""
"passed","Fri Aug 30 22:42:34 GMT 2024","Fri Aug 30 22:42:34 GMT 2024","0","","HYPERON-METTALOG-SANITY","","HYPERON-METTALOG-SANITY","","STRING-TESTS.03",""
"passed","Fri Aug 30 22:41:47 GMT 2024","Fri Aug 30 22:41:47 GMT 2024","0","","HYPERON-EXPERIMENTAL-SCRIPTS","","HYPERON-EXPERIMENTAL-SCRIPTS","","F1-MODULEA.08",""
"passed","Fri Aug 30 22:41:21 GMT 2024","Fri Aug 30 22:41:21 GMT 2024","0","","MODULE-SYSTEM","","MODULE-SYSTEM","","F1-MODULEA.03",""
"passed","Fri Aug 30 22:42:34 GMT 2024","Fri Aug 30 22:42:34 GMT 2024","0","","HYPERON-METTALOG-SANITY","","HYPERON-METTALOG-SANITY","","06-MATCH-IN-SPACE.06",""
"passed","Fri Aug 30 22:42:34 GMT 2024","Fri Aug 30 22:42:34 GMT 2024","0","","HYPERON-METTALOG-SANITY","","HYPERON-METTALOG-SANITY","","00-LANG-CASE.09",""
"passed","Fri Aug 30 22:42:34 GMT 2024","Fri Aug 30 22:42:34 GMT 2024","0","","HYPERON-METTALOG-SANITY","","HYPERON-METTALOG-SANITY","","UNIQUE-TEST.04",""
"passed","Fri Aug 30 22:41:47 GMT 2024","Fri Aug 30 22:41:47 GMT 2024","0","","HYPERON-EXPERIMENTAL-SCRIPTS","","HYPERON-EXPERIMENTAL-SCRIPTS","","D1-GADT.11",""
"passed","Fri Aug 30 22:41:47 GMT 2024","Fri Aug 30 22:41:47 GMT 2024","0","","HYPERON-EXPERIMENTAL-SCRIPTS","","HYPERON-EXPERIMENTAL-SCRIPTS","","C1-GROUNDED-BASIC.17",""
"passed","Fri Aug 30 22:42:34 GMT 2024","Fri Aug 30 22:42:34 GMT 2024","0","","HYPERON-METTALOG-SANITY","","HYPERON-METTALOG-SANITY","","01-LANG-INC.01",""
"passed","Fri Aug 30 22:41:47 GMT 2024","Fri Aug 30 22:41:47 GMT 2024","0","","HYPERON-EXPERIMENTAL-SCRIPTS","","HYPERON-EXPERIMENTAL-SCRIPTS","","E3-MATCH-STATES.04",""
"passed","Fri Aug 30 22:43:01 GMT 2024","Fri Aug 30 22:43:01 GMT 2024","0","","METTA-MORPH-TESTS","","METTA-MORPH-TESTS","","TYPES2.02",""
"passed","Fri Aug 30 22:41:47 GMT 2024","Fri Aug 30 22:41:47 GMT 2024","0","","HYPERON-EXPERIMENTAL-SCRIPTS","","HYPERON-EXPERIMENTAL-SCRIPTS","","B2-BACKCHAIN.01",""
"passed","Fri Aug 30 22:42:34 GMT 2024","Fri Aug 30 22:42:34 GMT 2024","0","","HYPERON-METTALOG-SANITY","","HYPERON-METTALOG-SANITY","","01-LANG-INC.02",""
"passed","Fri Aug 30 22:41:47 GMT 2024","Fri Aug 30 22:41:47 GMT 2024","0","","HYPERON-EXPERIMENTAL-SCRIPTS","","HYPERON-EXPERIMENTAL-SCRIPTS","","D2-HIGHERFUNC.04",""
"passed","Fri Aug 30 22:41:47 GMT 2024","Fri Aug 30 22:41:47 GMT 2024","0","","HYPERON-EXPERIMENTAL-SCRIPTS","","HYPERON-EXPERIMENTAL-SCRIPTS","","D4-TYPE-PROP.01",""
"failed","Fri Aug 30 22:41:47 GMT 2024","Fri Aug 30 22:41:47 GMT 2024","0","","HYPERON-EXPERIMENTAL-SCRIPTS","","HYPERON-EXPERIMENTAL-SCRIPTS","","B5-TYPES-PRELIM.08",""
"passed","Fri Aug 30 22:41:47 GMT 2024","Fri Aug 30 22:41:47 GMT 2024","0","","HYPERON-EXPERIMENTAL-SCRIPTS","","HYPERON-EXPERIMENTAL-SCRIPTS","","D1-GADT.14",""
"passed","Fri Aug 30 22:43:01 GMT 2024","Fri Aug 30 22:43:01 GMT 2024","0","","METTA-MORPH-TESTS","","METTA-MORPH-TESTS","","STATES-SPACES.04",""
"passed","Fri Aug 30 22:41:47 GMT 2024","Fri Aug 30 22:41:47 GMT 2024","0","","HYPERON-EXPERIMENTAL-SCRIPTS","","HYPERON-EXPERIMENTAL-SCRIPTS","","B0-CHAINING-PRELIM.02",""
"passed","Fri Aug 30 22:41:37 GMT 2024","Fri Aug 30 22:41:39 GMT 2024","2000","","WHOLE-TESTS","","WHOLE-TESTS","","hyperon-mettalog_sanity.intersection_tests",""
"passed","Fri Aug 30 22:42:34 GMT 2024","Fri Aug 30 22:42:34 GMT 2024","0","","HYPERON-METTALOG-SANITY","","HYPERON-METTALOG-SANITY","","00-LANG-CASE.01",""
"passed","Fri Aug 30 22:41:37 GMT 2024","Fri Aug 30 22:41:39 GMT 2024","2000","","WHOLE-TESTS","","WHOLE-TESTS","","hyperon-mettalog_sanity.03-soring-via-insert",""
"passed","Fri Aug 30 22:43:01 GMT 2024","Fri Aug 30 22:43:01 GMT 2024","0","","METTA-MORPH-TESTS","","METTA-MORPH-TESTS","","SEQUENTIAL-NESTED.12",""
"passed","Fri Aug 30 22:42:34 GMT 2024","Fri Aug 30 22:42:34 GMT 2024","0","","HYPERON-METTALOG-SANITY","","HYPERON-METTALOG-SANITY","","00-LANG-CASE.08",""
"passed","Fri Aug 30 22:42:34 GMT 2024","Fri Aug 30 22:42:34 GMT 2024","0","","HYPERON-METTALOG-SANITY","","HYPERON-METTALOG-SANITY","","XOR-TEST.09",""
"passed","Fri Aug 30 22:41:37 GMT 2024","Fri Aug 30 22:41:39 GMT 2024","2000","","WHOLE-TESTS","","WHOLE-TESTS","","hyperon-experimental_scripts.e3_match_states",""
"passed","Fri Aug 30 22:41:47 GMT 2024","Fri Aug 30 22:41:47 GMT 2024","0","","HYPERON-EXPERIMENTAL-SCRIPTS","","HYPERON-EXPERIMENTAL-SCRIPTS","","F1-IMPORTS.03",""
"passed","Fri Aug 30 22:41:47 GMT 2024","Fri Aug 30 22:41:47 GMT 2024","0","","HYPERON-EXPERIMENTAL-SCRIPTS","","HYPERON-EXPERIMENTAL-SCRIPTS","","B5-TYPES-PRELIM.06",""
"passed","Fri Aug 30 22:41:47 GMT 2024","Fri Aug 30 22:41:47 GMT 2024","0","","HYPERON-EXPERIMENTAL-SCRIPTS","","HYPERON-EXPERIMENTAL-SCRIPTS","","B5-TYPES-PRELIM.10",""
"passed","Fri Aug 30 22:41:21 GMT 2024","Fri Aug 30 22:41:21 GMT 2024","0","","MODULE-SYSTEM","","MODULE-SYSTEM","","F1-IMPORTS.02",""
"passed","Fri Aug 30 22:43:01 GMT 2024","Fri Aug 30 22:43:01 GMT 2024","0","","METTA-MORPH-TESTS","","METTA-MORPH-TESTS","","SEQUENTIAL-NESTED.10",""
"passed","Fri Aug 30 22:41:37 GMT 2024","Fri Aug 30 22:41:39 GMT 2024","2000","","WHOLE-TESTS","","WHOLE-TESTS","","hyperon-experimental_scripts.e2_states",""
"passed","Fri Aug 30 22:41:47 GMT 2024","Fri Aug 30 22:41:47 GMT 2024","0","","HYPERON-EXPERIMENTAL-SCRIPTS","","HYPERON-EXPERIMENTAL-SCRIPTS","","C1-GROUNDED-BASIC.07",""
"passed","Fri Aug 30 22:41:47 GMT 2024","Fri Aug 30 22:41:47 GMT 2024","0","","HYPERON-EXPERIMENTAL-SCRIPTS","","HYPERON-EXPERIMENTAL-SCRIPTS","","D4-TYPE-PROP.13",""
"passed","Fri Aug 30 22:41:37 GMT 2024","Fri Aug 30 22:41:40 GMT 2024","3000","","WHOLE-TESTS","","WHOLE-TESTS","","metta-morph_tests.nested_parameters",""
"passed","Fri Aug 30 22:41:37 GMT 2024","Fri Aug 30 22:41:40 GMT 2024","3000","","WHOLE-TESTS","","WHOLE-TESTS","","hyperon-mettalog_sanity.xor_test",""
"passed","Fri Aug 30 22:41:47 GMT 2024","Fri Aug 30 22:41:47 GMT 2024","0","","HYPERON-EXPERIMENTAL-SCRIPTS","","HYPERON-EXPERIMENTAL-SCRIPTS","","C1-GROUNDED-BASIC.19",""
"passed","Fri Aug 30 22:41:21 GMT 2024","Fri Aug 30 22:41:21 GMT 2024","0","","MODULE-SYSTEM","","MODULE-SYSTEM","","F1-IMPORTS.12",""
"passed","Fri Aug 30 22:42:34 GMT 2024","Fri Aug 30 22:42:34 GMT 2024","0","","HYPERON-METTALOG-SANITY","","HYPERON-METTALOG-SANITY","","SUBTRACTION-TEST.09",""
"failed","Fri Aug 30 22:41:47 GMT 2024","Fri Aug 30 22:41:47 GMT 2024","0","","HYPERON-EXPERIMENTAL-SCRIPTS","","HYPERON-EXPERIMENTAL-SCRIPTS","","B5-TYPES-PRELIM.11",""
"passed","Fri Aug 30 22:41:47 GMT 2024","Fri Aug 30 22:41:47 GMT 2024","0","","HYPERON-EXPERIMENTAL-SCRIPTS","","HYPERON-EXPERIMENTAL-SCRIPTS","","D3-DEPTYPES.03",""
"passed","Fri Aug 30 22:42:34 GMT 2024","Fri Aug 30 22:42:34 GMT 2024","0","","HYPERON-METTALOG-SANITY","","HYPERON-METTALOG-SANITY","","XOR-TEST.03",""
"passed","Fri Aug 30 22:41:47 GMT 2024","Fri Aug 30 22:41:47 GMT 2024","0","","HYPERON-EXPERIMENTAL-SCRIPTS","","HYPERON-EXPERIMENTAL-SCRIPTS","","F1-IMPORTS.15",""
"passed","Fri Aug 30 22:41:47 GMT 2024","Fri Aug 30 22:41:47 GMT 2024","0","","HYPERON-EXPERIMENTAL-SCRIPTS","","HYPERON-EXPERIMENTAL-SCRIPTS","","B2-BACKCHAIN.02",""
"passed","Fri Aug 30 22:41:47 GMT 2024","Fri Aug 30 22:41:47 GMT 2024","0","","HYPERON-EXPERIMENTAL-SCRIPTS","","HYPERON-EXPERIMENTAL-SCRIPTS","","B4-NONDETERM.03",""
"passed","Fri Aug 30 22:41:47 GMT 2024","Fri Aug 30 22:41:47 GMT 2024","0","","HYPERON-EXPERIMENTAL-SCRIPTS","","HYPERON-EXPERIMENTAL-SCRIPTS","","D2-HIGHERFUNC.17",""
"passed","Fri Aug 30 22:42:34 GMT 2024","Fri Aug 30 22:42:34 GMT 2024","0","","HYPERON-METTALOG-SANITY","","HYPERON-METTALOG-SANITY","","INTERSECTION-TESTS.01",""
"passed","Fri Aug 30 22:43:01 GMT 2024","Fri Aug 30 22:43:01 GMT 2024","0","","METTA-MORPH-TESTS","","METTA-MORPH-TESTS","","FACTORIAL.02",""
"passed","Fri Aug 30 22:41:47 GMT 2024","Fri Aug 30 22:41:47 GMT 2024","0","","HYPERON-EXPERIMENTAL-SCRIPTS","","HYPERON-EXPERIMENTAL-SCRIPTS","","B5-TYPES-PRELIM.16",""
"passed","Fri Aug 30 22:42:34 GMT 2024","Fri Aug 30 22:42:34 GMT 2024","0","","HYPERON-METTALOG-SANITY","","HYPERON-METTALOG-SANITY","","UNIQUE-TEST.10",""
"passed","Fri Aug 30 22:41:37 GMT 2024","Fri Aug 30 22:41:39 GMT 2024","2000","","WHOLE-TESTS","","WHOLE-TESTS","","hyperon-mettalog_sanity.06_match_in_space",""
"passed","Fri Aug 30 22:41:47 GMT 2024","Fri Aug 30 22:41:47 GMT 2024","0","","HYPERON-EXPERIMENTAL-SCRIPTS","","HYPERON-EXPERIMENTAL-SCRIPTS","","F1-IMPORTS.19",""
"failed","Fri Aug 30 22:41:47 GMT 2024","Fri Aug 30 22:41:47 GMT 2024","0","","HYPERON-EXPERIMENTAL-SCRIPTS","","HYPERON-EXPERIMENTAL-SCRIPTS","","E3-MATCH-STATES.06",""
"passed","Fri Aug 30 22:41:37 GMT 2024","Fri Aug 30 22:41:39 GMT 2024","2000","","WHOLE-TESTS","","WHOLE-TESTS","","metta-morph_tests.let_superpose_list",""
"passed","Fri Aug 30 22:41:21 GMT 2024","Fri Aug 30 22:41:21 GMT 2024","0","","MODULE-SYSTEM","","MODULE-SYSTEM","","F1-IMPORTS.01",""
"passed","Fri Aug 30 22:41:47 GMT 2024","Fri Aug 30 22:41:47 GMT 2024","0","","HYPERON-EXPERIMENTAL-SCRIPTS","","HYPERON-EXPERIMENTAL-SCRIPTS","","E2-STATES.12",""
"passed","Fri Aug 30 22:42:34 GMT 2024","Fri Aug 30 22:42:34 GMT 2024","0","","HYPERON-METTALOG-SANITY","","HYPERON-METTALOG-SANITY","","XOR-TEST.02",""
"passed","Fri Aug 30 22:43:01 GMT 2024","Fri Aug 30 22:43:01 GMT 2024","0","","METTA-MORPH-TESTS","","METTA-MORPH-TESTS","","TESTS0.07",""
"passed","Fri Aug 30 22:41:47 GMT 2024","Fri Aug 30 22:41:47 GMT 2024","0","","HYPERON-EXPERIMENTAL-SCRIPTS","","HYPERON-EXPERIMENTAL-SCRIPTS","","F1-MODULEA.01",""
"passed","Fri Aug 30 22:41:37 GMT 2024","Fri Aug 30 22:41:39 GMT 2024","2000","","WHOLE-TESTS","","WHOLE-TESTS","","hyperon-experimental_scripts.a2_opencoggy",""
"passed","Fri Aug 30 22:43:01 GMT 2024","Fri Aug 30 22:43:01 GMT 2024","0","","METTA-MORPH-TESTS","","METTA-MORPH-TESTS","","IF.01",""
"passed","Fri Aug 30 22:43:01 GMT 2024","Fri Aug 30 22:43:01 GMT 2024","0","","METTA-MORPH-TESTS","","METTA-MORPH-TESTS","","TYPES2.05",""
"passed","Fri Aug 30 22:41:47 GMT 2024","Fri Aug 30 22:41:47 GMT 2024","0","","HYPERON-EXPERIMENTAL-SCRIPTS","","HYPERON-EXPERIMENTAL-SCRIPTS","","C2-SPACES.01",""
"passed","Fri Aug 30 22:41:47 GMT 2024","Fri Aug 30 22:41:47 GMT 2024","0","","HYPERON-EXPERIMENTAL-SCRIPTS","","HYPERON-EXPERIMENTAL-SCRIPTS","","F1-MODULEA.07",""
"passed","Fri Aug 30 22:43:01 GMT 2024","Fri Aug 30 22:43:01 GMT 2024","0","","METTA-MORPH-TESTS","","METTA-MORPH-TESTS","","FACTORIAL.01",""
"passed","Fri Aug 30 22:41:37 GMT 2024","Fri Aug 30 22:41:39 GMT 2024","2000","","WHOLE-TESTS","","WHOLE-TESTS","","metta-morph_tests.let_superpose_list2",""
"passed","Fri Aug 30 22:43:01 GMT 2024","Fri Aug 30 22:43:01 GMT 2024","0","","METTA-MORPH-TESTS","","METTA-MORPH-TESTS","","TESTS0.02",""
"passed","Fri Aug 30 22:41:47 GMT 2024","Fri Aug 30 22:41:47 GMT 2024","0","","HYPERON-EXPERIMENTAL-SCRIPTS","","HYPERON-EXPERIMENTAL-SCRIPTS","","F1-IMPORTS.01",""
"failed","Fri Aug 30 22:41:47 GMT 2024","Fri Aug 30 22:41:47 GMT 2024","0","","HYPERON-EXPERIMENTAL-SCRIPTS","","HYPERON-EXPERIMENTAL-SCRIPTS","","E3-MATCH-STATES.03",""
"passed","Fri Aug 30 22:43:01 GMT 2024","Fri Aug 30 22:43:01 GMT 2024","0","","METTA-MORPH-TESTS","","METTA-MORPH-TESTS","","TYPES2.01",""
"passed","Fri Aug 30 22:41:47 GMT 2024","Fri Aug 30 22:41:47 GMT 2024","0","","HYPERON-EXPERIMENTAL-SCRIPTS","","HYPERON-EXPERIMENTAL-SCRIPTS","","F1-IMPORTS.14",""
"passed","Fri Aug 30 22:43:01 GMT 2024","Fri Aug 30 22:43:01 GMT 2024","0","","METTA-MORPH-TESTS","","METTA-MORPH-TESTS","","MATCH-VOID.11",""
"passed","Fri Aug 30 22:42:34 GMT 2024","Fri Aug 30 22:42:34 GMT 2024","0","","HYPERON-METTALOG-SANITY","","HYPERON-METTALOG-SANITY","","SUBTRACTION-TEST.04",""
"passed","Fri Aug 30 22:41:47 GMT 2024","Fri Aug 30 22:41:47 GMT 2024","0","","HYPERON-EXPERIMENTAL-SCRIPTS","","HYPERON-EXPERIMENTAL-SCRIPTS","","E2-STATES.03",""
"passed","Fri Aug 30 22:41:47 GMT 2024","Fri Aug 30 22:41:47 GMT 2024","0","","HYPERON-EXPERIMENTAL-SCRIPTS","","HYPERON-EXPERIMENTAL-SCRIPTS","","C1-GROUNDED-BASIC.09",""
"passed","Fri Aug 30 22:41:47 GMT 2024","Fri Aug 30 22:41:47 GMT 2024","0","","HYPERON-EXPERIMENTAL-SCRIPTS","","HYPERON-EXPERIMENTAL-SCRIPTS","","C2-SPACES.02",""
"passed","Fri Aug 30 22:41:47 GMT 2024","Fri Aug 30 22:41:47 GMT 2024","0","","HYPERON-EXPERIMENTAL-SCRIPTS","","HYPERON-EXPERIMENTAL-SCRIPTS","","B4-NONDETERM.02",""
"passed","Fri Aug 30 22:41:47 GMT 2024","Fri Aug 30 22:41:47 GMT 2024","0","","HYPERON-EXPERIMENTAL-SCRIPTS","","HYPERON-EXPERIMENTAL-SCRIPTS","","D4-TYPE-PROP.23",""
"passed","Fri Aug 30 22:43:01 GMT 2024","Fri Aug 30 22:43:01 GMT 2024","0","","METTA-MORPH-TESTS","","METTA-MORPH-TESTS","","ADD-ATOM-MATCH.01",""
"passed","Fri Aug 30 22:41:37 GMT 2024","Fri Aug 30 22:41:39 GMT 2024","2000","","WHOLE-TESTS","","WHOLE-TESTS","","hyperon-experimental_scripts.d2_higherfunc",""
"passed","Fri Aug 30 22:43:01 GMT 2024","Fri Aug 30 22:43:01 GMT 2024","0","","METTA-MORPH-TESTS","","METTA-MORPH-TESTS","","MATCH-VOID.02",""
"passed","Fri Aug 30 22:41:37 GMT 2024","Fri Aug 30 22:41:39 GMT 2024","2000","","WHOLE-TESTS","","WHOLE-TESTS","","metta-morph_tests.match_void",""
"passed","Fri Aug 30 22:42:34 GMT 2024","Fri Aug 30 22:42:34 GMT 2024","0","","HYPERON-METTALOG-SANITY","","HYPERON-METTALOG-SANITY","","00-LANG-CASE.15",""
"failed","Fri Aug 30 22:41:47 GMT 2024","Fri Aug 30 22:41:47 GMT 2024","0","","HYPERON-EXPERIMENTAL-SCRIPTS","","HYPERON-EXPERIMENTAL-SCRIPTS","","D2-HIGHERFUNC.07",""
"passed","Fri Aug 30 22:42:34 GMT 2024","Fri Aug 30 22:42:34 GMT 2024","0","","HYPERON-METTALOG-SANITY","","HYPERON-METTALOG-SANITY","","STRING-TESTS.02",""
"passed","Fri Aug 30 22:41:47 GMT 2024","Fri Aug 30 22:41:47 GMT 2024","0","","HYPERON-EXPERIMENTAL-SCRIPTS","","HYPERON-EXPERIMENTAL-SCRIPTS","","F1-MODULEA.09",""
"passed","Fri Aug 30 22:42:34 GMT 2024","Fri Aug 30 22:42:34 GMT 2024","0","","HYPERON-METTALOG-SANITY","","HYPERON-METTALOG-SANITY","","UNIQUE-TEST.09",""
"passed","Fri Aug 30 22:41:37 GMT 2024","Fri Aug 30 22:41:39 GMT 2024","2000","","WHOLE-TESTS","","WHOLE-TESTS","","hyperon-experimental_scripts.b3_direct",""
"passed","Fri Aug 30 22:41:47 GMT 2024","Fri Aug 30 22:41:47 GMT 2024","0","","HYPERON-EXPERIMENTAL-SCRIPTS","","HYPERON-EXPERIMENTAL-SCRIPTS","","D4-TYPE-PROP.11",""
"passed","Fri Aug 30 22:41:21 GMT 2024","Fri Aug 30 22:41:21 GMT 2024","0","","MODULE-SYSTEM","","MODULE-SYSTEM","","C2-SPACES.04",""
"passed","Fri Aug 30 22:43:01 GMT 2024","Fri Aug 30 22:43:01 GMT 2024","0","","METTA-MORPH-TESTS","","METTA-MORPH-TESTS","","MATCH-FEVAL.01",""
"passed","Fri Aug 30 22:41:47 GMT 2024","Fri Aug 30 22:41:47 GMT 2024","0","","HYPERON-EXPERIMENTAL-SCRIPTS","","HYPERON-EXPERIMENTAL-SCRIPTS","","B4-NONDETERM.08",""
"passed","Fri Aug 30 22:41:47 GMT 2024","Fri Aug 30 22:41:47 GMT 2024","0","","HYPERON-EXPERIMENTAL-SCRIPTS","","HYPERON-EXPERIMENTAL-SCRIPTS","","D3-DEPTYPES.04",""
"passed","Fri Aug 30 22:41:37 GMT 2024","Fri Aug 30 22:41:41 GMT 2024","4000","","WHOLE-TESTS","","WHOLE-TESTS","","metta-morph_tests.minnars",""
"passed","Fri Aug 30 22:43:01 GMT 2024","Fri Aug 30 22:43:01 GMT 2024","0","","METTA-MORPH-TESTS","","METTA-MORPH-TESTS","","TESTS0.01",""
"passed","Fri Aug 30 22:41:47 GMT 2024","Fri Aug 30 22:41:47 GMT 2024","0","","HYPERON-EXPERIMENTAL-SCRIPTS","","HYPERON-EXPERIMENTAL-SCRIPTS","","D4-TYPE-PROP.12",""
"passed","Fri Aug 30 22:42:34 GMT 2024","Fri Aug 30 22:42:34 GMT 2024","0","","HYPERON-METTALOG-SANITY","","HYPERON-METTALOG-SANITY","","UNIQUE-TEST.14",""
"passed","Fri Aug 30 22:41:47 GMT 2024","Fri Aug 30 22:41:47 GMT 2024","0","","HYPERON-EXPERIMENTAL-SCRIPTS","","HYPERON-EXPERIMENTAL-SCRIPTS","","B5-TYPES-PRELIM.13",""
"passed","Fri Aug 30 22:41:47 GMT 2024","Fri Aug 30 22:41:47 GMT 2024","0","","HYPERON-EXPERIMENTAL-SCRIPTS","","HYPERON-EXPERIMENTAL-SCRIPTS","","B3-DIRECT.01",""
"passed","Fri Aug 30 22:42:34 GMT 2024","Fri Aug 30 22:42:34 GMT 2024","0","","HYPERON-METTALOG-SANITY","","HYPERON-METTALOG-SANITY","","00-LANG-CASE.03",""
"passed","Fri Aug 30 22:42:34 GMT 2024","Fri Aug 30 22:42:34 GMT 2024","0","","HYPERON-METTALOG-SANITY","","HYPERON-METTALOG-SANITY","","03-SORING-VIA-INSERT.04",""
"passed","Fri Aug 30 22:41:47 GMT 2024","Fri Aug 30 22:41:47 GMT 2024","0","","HYPERON-EXPERIMENTAL-SCRIPTS","","HYPERON-EXPERIMENTAL-SCRIPTS","","E3-MATCH-STATES.02",""
"passed","Fri Aug 30 22:41:47 GMT 2024","Fri Aug 30 22:41:47 GMT 2024","0","","HYPERON-EXPERIMENTAL-SCRIPTS","","HYPERON-EXPERIMENTAL-SCRIPTS","","C1-GROUNDED-BASIC.10",""
"passed","Fri Aug 30 22:41:47 GMT 2024","Fri Aug 30 22:41:47 GMT 2024","0","","HYPERON-EXPERIMENTAL-SCRIPTS","","HYPERON-EXPERIMENTAL-SCRIPTS","","F1-MODULEA.04",""
"passed","Fri Aug 30 22:43:01 GMT 2024","Fri Aug 30 22:43:01 GMT 2024","0","","METTA-MORPH-TESTS","","METTA-MORPH-TESTS","","MATCH-SUPERPOSED-SPACES.02",""
"passed","Fri Aug 30 22:41:47 GMT 2024","Fri Aug 30 22:41:47 GMT 2024","0","","HYPERON-EXPERIMENTAL-SCRIPTS","","HYPERON-EXPERIMENTAL-SCRIPTS","","D2-HIGHERFUNC.13",""
"passed","Fri Aug 30 22:41:47 GMT 2024","Fri Aug 30 22:41:47 GMT 2024","0","","HYPERON-EXPERIMENTAL-SCRIPTS","","HYPERON-EXPERIMENTAL-SCRIPTS","","D1-GADT.01",""
"passed","Fri Aug 30 22:41:37 GMT 2024","Fri Aug 30 22:41:39 GMT 2024","2000","","WHOLE-TESTS","","WHOLE-TESTS","","hyperon-experimental_scripts.c1_grounded_basic",""
"passed","Fri Aug 30 22:41:21 GMT 2024","Fri Aug 30 22:41:21 GMT 2024","0","","MODULE-SYSTEM","","MODULE-SYSTEM","","C2-SPACES.05",""
"passed","Fri Aug 30 22:43:01 GMT 2024","Fri Aug 30 22:43:01 GMT 2024","0","","METTA-MORPH-TESTS","","METTA-MORPH-TESTS","","ZEROARGS.02",""
"passed","Fri Aug 30 22:41:47 GMT 2024","Fri Aug 30 22:41:47 GMT 2024","0","","HYPERON-EXPERIMENTAL-SCRIPTS","","HYPERON-EXPERIMENTAL-SCRIPTS","","D2-HIGHERFUNC.15",""
"passed","Fri Aug 30 22:41:21 GMT 2024","Fri Aug 30 22:41:21 GMT 2024","0","","MODULE-SYSTEM","","MODULE-SYSTEM","","F1-IMPORTS.14",""
"passed","Fri Aug 30 22:41:21 GMT 2024","Fri Aug 30 22:41:21 GMT 2024","0","","MODULE-SYSTEM","","MODULE-SYSTEM","","C2-SPACES.02",""
"passed","Fri Aug 30 22:41:47 GMT 2024","Fri Aug 30 22:41:47 GMT 2024","0","","HYPERON-EXPERIMENTAL-SCRIPTS","","HYPERON-EXPERIMENTAL-SCRIPTS","","D4-TYPE-PROP.06",""
"passed","Fri Aug 30 22:43:01 GMT 2024","Fri Aug 30 22:43:01 GMT 2024","0","","METTA-MORPH-TESTS","","METTA-MORPH-TESTS","","SEQUENTIAL-NESTED.01",""
"passed","Fri Aug 30 22:41:47 GMT 2024","Fri Aug 30 22:41:47 GMT 2024","0","","HYPERON-EXPERIMENTAL-SCRIPTS","","HYPERON-EXPERIMENTAL-SCRIPTS","","E1-KB-WRITE.01",""
"passed","Fri Aug 30 22:41:47 GMT 2024","Fri Aug 30 22:41:47 GMT 2024","0","","HYPERON-EXPERIMENTAL-SCRIPTS","","HYPERON-EXPERIMENTAL-SCRIPTS","","F1-IMPORTS.21",""
"passed","Fri Aug 30 22:43:01 GMT 2024","Fri Aug 30 22:43:01 GMT 2024","0","","METTA-MORPH-TESTS","","METTA-MORPH-TESTS","","TESTS0.06",""
"passed","Fri Aug 30 22:41:37 GMT 2024","Fri Aug 30 22:41:39 GMT 2024","2000","","WHOLE-TESTS","","WHOLE-TESTS","","metta-morph_tests.add_atom_match",""
"passed","Fri Aug 30 22:41:47 GMT 2024","Fri Aug 30 22:41:47 GMT 2024","0","","HYPERON-EXPERIMENTAL-SCRIPTS","","HYPERON-EXPERIMENTAL-SCRIPTS","","B5-TYPES-PRELIM.05",""
"passed","Fri Aug 30 22:41:37 GMT 2024","Fri Aug 30 22:41:39 GMT 2024","2000","","WHOLE-TESTS","","WHOLE-TESTS","","hyperon-mettalog_sanity.00_lang_case",""
"passed","Fri Aug 30 22:42:34 GMT 2024","Fri Aug 30 22:42:34 GMT 2024","0","","HYPERON-METTALOG-SANITY","","HYPERON-METTALOG-SANITY","","00-LANG-CASE.14",""
"passed","Fri Aug 30 22:41:47 GMT 2024","Fri Aug 30 22:41:47 GMT 2024","0","","HYPERON-EXPERIMENTAL-SCRIPTS","","HYPERON-EXPERIMENTAL-SCRIPTS","","D2-HIGHERFUNC.27",""
"passed","Fri Aug 30 22:42:34 GMT 2024","Fri Aug 30 22:42:34 GMT 2024","0","","HYPERON-METTALOG-SANITY","","HYPERON-METTALOG-SANITY","","STRING-TESTS.18",""
"passed","Fri Aug 30 22:41:47 GMT 2024","Fri Aug 30 22:41:47 GMT 2024","0","","HYPERON-EXPERIMENTAL-SCRIPTS","","HYPERON-EXPERIMENTAL-SCRIPTS","","B5-TYPES-PRELIM.17",""
"passed","Fri Aug 30 22:41:47 GMT 2024","Fri Aug 30 22:41:47 GMT 2024","0","","HYPERON-EXPERIMENTAL-SCRIPTS","","HYPERON-EXPERIMENTAL-SCRIPTS","","B4-NONDETERM.09",""
"passed","Fri Aug 30 22:41:47 GMT 2024","Fri Aug 30 22:41:47 GMT 2024","0","","HYPERON-EXPERIMENTAL-SCRIPTS","","HYPERON-EXPERIMENTAL-SCRIPTS","","D3-DEPTYPES.05",""
"passed","Fri Aug 30 22:41:37 GMT 2024","Fri Aug 30 22:41:39 GMT 2024","2000","","WHOLE-TESTS","","WHOLE-TESTS","","hyperon-mettalog_sanity.unique_test",""
"passed","Fri Aug 30 22:41:37 GMT 2024","Fri Aug 30 22:41:39 GMT 2024","2000","","WHOLE-TESTS","","WHOLE-TESTS","","hyperon-experimental_scripts.d1_gadt",""
"passed","Fri Aug 30 22:42:34 GMT 2024","Fri Aug 30 22:42:34 GMT 2024","0","","HYPERON-METTALOG-SANITY","","HYPERON-METTALOG-SANITY","","STRING-TESTS.12",""
"passed","Fri Aug 30 22:42:34 GMT 2024","Fri Aug 30 22:42:34 GMT 2024","0","","HYPERON-METTALOG-SANITY","","HYPERON-METTALOG-SANITY","","00-LANG-CASE.06",""
"passed","Fri Aug 30 22:42:34 GMT 2024","Fri Aug 30 22:42:34 GMT 2024","0","","HYPERON-METTALOG-SANITY","","HYPERON-METTALOG-SANITY","","STRING-TESTS.07",""
"passed","Fri Aug 30 22:43:01 GMT 2024","Fri Aug 30 22:43:01 GMT 2024","0","","METTA-MORPH-TESTS","","METTA-MORPH-TESTS","","SEQUENTIAL-NESTED.04",""
"passed","Fri Aug 30 22:41:37 GMT 2024","Fri Aug 30 22:41:39 GMT 2024","2000","","WHOLE-TESTS","","WHOLE-TESTS","","hyperon-experimental_scripts.d3_deptypes",""
"passed","Fri Aug 30 22:41:37 GMT 2024","Fri Aug 30 22:41:39 GMT 2024","2000","","WHOLE-TESTS","","WHOLE-TESTS","","hyperon-experimental_scripts.d5_auto_types",""
"passed","Fri Aug 30 22:42:34 GMT 2024","Fri Aug 30 22:42:34 GMT 2024","0","","HYPERON-METTALOG-SANITY","","HYPERON-METTALOG-SANITY","","XOR-TEST.01",""
"passed","Fri Aug 30 22:41:47 GMT 2024","Fri Aug 30 22:41:47 GMT 2024","0","","HYPERON-EXPERIMENTAL-SCRIPTS","","HYPERON-EXPERIMENTAL-SCRIPTS","","B0-CHAINING-PRELIM.04",""
"passed","Fri Aug 30 22:41:47 GMT 2024","Fri Aug 30 22:41:47 GMT 2024","0","","HYPERON-EXPERIMENTAL-SCRIPTS","","HYPERON-EXPERIMENTAL-SCRIPTS","","D4-TYPE-PROP.14",""
"failed","Fri Aug 30 22:41:47 GMT 2024","Fri Aug 30 22:41:47 GMT 2024","0","","HYPERON-EXPERIMENTAL-SCRIPTS","","HYPERON-EXPERIMENTAL-SCRIPTS","","E2-STATES.07",""
"passed","Fri Aug 30 22:43:01 GMT 2024","Fri Aug 30 22:43:01 GMT 2024","0","","METTA-MORPH-TESTS","","METTA-MORPH-TESTS","","MATCH-VOID.10",""
"passed","Fri Aug 30 22:41:21 GMT 2024","Fri Aug 30 22:41:21 GMT 2024","0","","MODULE-SYSTEM","","MODULE-SYSTEM","","F1-IMPORTS.11",""
"passed","Fri Aug 30 22:42:34 GMT 2024","Fri Aug 30 22:42:34 GMT 2024","0","","HYPERON-METTALOG-SANITY","","HYPERON-METTALOG-SANITY","","XOR-TEST.05",""
"failed","Fri Aug 30 22:41:47 GMT 2024","Fri Aug 30 22:41:47 GMT 2024","0","","HYPERON-EXPERIMENTAL-SCRIPTS","","HYPERON-EXPERIMENTAL-SCRIPTS","","D5-AUTO-TYPES.04",""
"failed","Fri Aug 30 22:41:47 GMT 2024","Fri Aug 30 22:41:47 GMT 2024","0","","HYPERON-EXPERIMENTAL-SCRIPTS","","HYPERON-EXPERIMENTAL-SCRIPTS","","E3-MATCH-STATES.05",""
"passed","Fri Aug 30 22:41:37 GMT 2024","Fri Aug 30 22:41:42 GMT 2024","5000","","WHOLE-TESTS","","WHOLE-TESTS","","module-system.f1_imports",""
"passed","Fri Aug 30 22:42:34 GMT 2024","Fri Aug 30 22:42:34 GMT 2024","0","","HYPERON-METTALOG-SANITY","","HYPERON-METTALOG-SANITY","","00-LANG-CASE.10",""
"passed","Fri Aug 30 22:42:34 GMT 2024","Fri Aug 30 22:42:34 GMT 2024","0","","HYPERON-METTALOG-SANITY","","HYPERON-METTALOG-SANITY","","STRING-TESTS.14",""
"passed","Fri Aug 30 22:41:47 GMT 2024","Fri Aug 30 22:41:47 GMT 2024","0","","HYPERON-EXPERIMENTAL-SCRIPTS","","HYPERON-EXPERIMENTAL-SCRIPTS","","F1-MODULEA.10",""
"passed","Fri Aug 30 22:41:47 GMT 2024","Fri Aug 30 22:41:47 GMT 2024","0","","HYPERON-EXPERIMENTAL-SCRIPTS","","HYPERON-EXPERIMENTAL-SCRIPTS","","C1-GROUNDED-BASIC.20",""
"passed","Fri Aug 30 22:41:47 GMT 2024","Fri Aug 30 22:41:47 GMT 2024","0","","HYPERON-EXPERIMENTAL-SCRIPTS","","HYPERON-EXPERIMENTAL-SCRIPTS","","D1-GADT.12",""
"passed","Fri Aug 30 22:43:01 GMT 2024","Fri Aug 30 22:43:01 GMT 2024","0","","METTA-MORPH-TESTS","","METTA-MORPH-TESTS","","SUPERPOSE-NESTED.03",""
"passed","Fri Aug 30 22:43:01 GMT 2024","Fri Aug 30 22:43:01 GMT 2024","0","","METTA-MORPH-TESTS","","METTA-MORPH-TESTS","","TYPES3.01",""
"passed","Fri Aug 30 22:41:37 GMT 2024","Fri Aug 30 22:41:39 GMT 2024","2000","","WHOLE-TESTS","","WHOLE-TESTS","","hyperon-experimental_scripts.b4_nondeterm",""
"passed","Fri Aug 30 22:43:01 GMT 2024","Fri Aug 30 22:43:01 GMT 2024","0","","METTA-MORPH-TESTS","","METTA-MORPH-TESTS","","TYPES.01",""
"passed","Fri Aug 30 22:43:01 GMT 2024","Fri Aug 30 22:43:01 GMT 2024","0","","METTA-MORPH-TESTS","","METTA-MORPH-TESTS","","MATCH-VOID.01",""
"passed","Fri Aug 30 22:41:47 GMT 2024","Fri Aug 30 22:41:47 GMT 2024","0","","HYPERON-EXPERIMENTAL-SCRIPTS","","HYPERON-EXPERIMENTAL-SCRIPTS","","D4-TYPE-PROP.20",""
"passed","Fri Aug 30 22:43:01 GMT 2024","Fri Aug 30 22:43:01 GMT 2024","0","","METTA-MORPH-TESTS","","METTA-MORPH-TESTS","","STATES-SPACES.06",""
"passed","Fri Aug 30 22:41:47 GMT 2024","Fri Aug 30 22:41:47 GMT 2024","0","","HYPERON-EXPERIMENTAL-SCRIPTS","","HYPERON-EXPERIMENTAL-SCRIPTS","","D2-HIGHERFUNC.03",""
"passed","Fri Aug 30 22:41:47 GMT 2024","Fri Aug 30 22:41:47 GMT 2024","0","","HYPERON-EXPERIMENTAL-SCRIPTS","","HYPERON-EXPERIMENTAL-SCRIPTS","","D4-TYPE-PROP.19",""
"passed","Fri Aug 30 22:43:01 GMT 2024","Fri Aug 30 22:43:01 GMT 2024","0","","METTA-MORPH-TESTS","","METTA-MORPH-TESTS","","NESTED-PARAMETERS.01",""
"passed","Fri Aug 30 22:41:37 GMT 2024","Fri Aug 30 22:41:39 GMT 2024","2000","","WHOLE-TESTS","","WHOLE-TESTS","","metta-morph_tests.collapse",""
"passed","Fri Aug 30 22:41:37 GMT 2024","Fri Aug 30 22:41:39 GMT 2024","2000","","WHOLE-TESTS","","WHOLE-TESTS","","metta-morph_tests.match_superposed_spaces",""
"failed","Fri Aug 30 22:41:21 GMT 2024","Fri Aug 30 22:41:21 GMT 2024","0","","MODULE-SYSTEM","","MODULE-SYSTEM","","F1-IMPORTS.04",""
"passed","Fri Aug 30 22:41:47 GMT 2024","Fri Aug 30 22:41:47 GMT 2024","0","","HYPERON-EXPERIMENTAL-SCRIPTS","","HYPERON-EXPERIMENTAL-SCRIPTS","","B5-TYPES-PRELIM.09",""
"passed","Fri Aug 30 22:41:47 GMT 2024","Fri Aug 30 22:41:47 GMT 2024","0","","HYPERON-EXPERIMENTAL-SCRIPTS","","HYPERON-EXPERIMENTAL-SCRIPTS","","D2-HIGHERFUNC.25",""
"passed","Fri Aug 30 22:41:37 GMT 2024","Fri Aug 30 22:41:39 GMT 2024","2000","","WHOLE-TESTS","","WHOLE-TESTS","","metta-morph_tests.peano",""
"passed","Fri Aug 30 22:41:47 GMT 2024","Fri Aug 30 22:41:47 GMT 2024","0","","HYPERON-EXPERIMENTAL-SCRIPTS","","HYPERON-EXPERIMENTAL-SCRIPTS","","F1-IMPORTS.18",""
"passed","Fri Aug 30 22:42:34 GMT 2024","Fri Aug 30 22:42:34 GMT 2024","0","","HYPERON-METTALOG-SANITY","","HYPERON-METTALOG-SANITY","","02-CURRIED-PLUS.01",""
"passed","Fri Aug 30 22:41:47 GMT 2024","Fri Aug 30 22:41:47 GMT 2024","0","","HYPERON-EXPERIMENTAL-SCRIPTS","","HYPERON-EXPERIMENTAL-SCRIPTS","","F1-IMPORTS.06",""
"passed","Fri Aug 30 22:43:01 GMT 2024","Fri Aug 30 22:43:01 GMT 2024","0","","METTA-MORPH-TESTS","","METTA-MORPH-TESTS","","LET-SUPERPOSE-LIST.02",""
"passed","Fri Aug 30 22:41:37 GMT 2024","Fri Aug 30 22:41:39 GMT 2024","2000","","WHOLE-TESTS","","WHOLE-TESTS","","hyperon-mettalog_sanity.represent_and_parse_tests",""
"passed","Fri Aug 30 22:41:47 GMT 2024","Fri Aug 30 22:41:47 GMT 2024","0","","HYPERON-EXPERIMENTAL-SCRIPTS","","HYPERON-EXPERIMENTAL-SCRIPTS","","D4-TYPE-PROP.04",""
"passed","Fri Aug 30 22:41:47 GMT 2024","Fri Aug 30 22:41:47 GMT 2024","0","","HYPERON-EXPERIMENTAL-SCRIPTS","","HYPERON-EXPERIMENTAL-SCRIPTS","","D2-HIGHERFUNC.18",""
"passed","Fri Aug 30 22:41:47 GMT 2024","Fri Aug 30 22:41:47 GMT 2024","0","","HYPERON-EXPERIMENTAL-SCRIPTS","","HYPERON-EXPERIMENTAL-SCRIPTS","","F1-IMPORTS.11",""
"passed","Fri Aug 30 22:43:01 GMT 2024","Fri Aug 30 22:43:01 GMT 2024","0","","METTA-MORPH-TESTS","","METTA-MORPH-TESTS","","LET-SUPERPOSE-LIST2.01",""
"passed","Fri Aug 30 22:41:47 GMT 2024","Fri Aug 30 22:41:47 GMT 2024","0","","HYPERON-EXPERIMENTAL-SCRIPTS","","HYPERON-EXPERIMENTAL-SCRIPTS","","B5-TYPES-PRELIM.07",""
"passed","Fri Aug 30 22:41:21 GMT 2024","Fri Aug 30 22:41:21 GMT 2024","0","","MODULE-SYSTEM","","MODULE-SYSTEM","","F1-IMPORTS.15",""
"passed","Fri Aug 30 22:41:47 GMT 2024","Fri Aug 30 22:41:47 GMT 2024","0","","HYPERON-EXPERIMENTAL-SCRIPTS","","HYPERON-EXPERIMENTAL-SCRIPTS","","C1-GROUNDED-BASIC.23",""
"failed","Fri Aug 30 22:41:47 GMT 2024","Fri Aug 30 22:41:47 GMT 2024","0","","HYPERON-EXPERIMENTAL-SCRIPTS","","HYPERON-EXPERIMENTAL-SCRIPTS","","D5-AUTO-TYPES.05",""
"passed","Fri Aug 30 22:41:37 GMT 2024","Fri Aug 30 22:41:39 GMT 2024","2000","","WHOLE-TESTS","","WHOLE-TESTS","","hyperon-experimental_scripts.a3_twoside",""
"passed","Fri Aug 30 22:42:34 GMT 2024","Fri Aug 30 22:42:34 GMT 2024","0","","HYPERON-METTALOG-SANITY","","HYPERON-METTALOG-SANITY","","UNIQUE-TEST.13",""
"passed","Fri Aug 30 22:41:47 GMT 2024","Fri Aug 30 22:41:47 GMT 2024","0","","HYPERON-EXPERIMENTAL-SCRIPTS","","HYPERON-EXPERIMENTAL-SCRIPTS","","B4-NONDETERM.01",""
"passed","Fri Aug 30 22:43:01 GMT 2024","Fri Aug 30 22:43:01 GMT 2024","0","","METTA-MORPH-TESTS","","METTA-MORPH-TESTS","","SUPERCOLLAPSE.06",""
"passed","Fri Aug 30 22:42:34 GMT 2024","Fri Aug 30 22:42:34 GMT 2024","0","","HYPERON-METTALOG-SANITY","","HYPERON-METTALOG-SANITY","","UNIQUE-TEST.05",""
"passed","Fri Aug 30 22:41:47 GMT 2024","Fri Aug 30 22:41:47 GMT 2024","0","","HYPERON-EXPERIMENTAL-SCRIPTS","","HYPERON-EXPERIMENTAL-SCRIPTS","","A3-TWOSIDE.01",""
"passed","Fri Aug 30 22:41:37 GMT 2024","Fri Aug 30 22:41:39 GMT 2024","2000","","WHOLE-TESTS","","WHOLE-TESTS","","metta-morph_tests.match_feval",""
"passed","Fri Aug 30 22:41:37 GMT 2024","Fri Aug 30 22:41:39 GMT 2024","2000","","WHOLE-TESTS","","WHOLE-TESTS","","metta-morph_tests.sequential_nested",""
"passed","Fri Aug 30 22:41:21 GMT 2024","Fri Aug 30 22:41:21 GMT 2024","0","","MODULE-SYSTEM","","MODULE-SYSTEM","","F1-IMPORTS.17",""
"passed","Fri Aug 30 22:42:34 GMT 2024","Fri Aug 30 22:42:34 GMT 2024","0","","HYPERON-METTALOG-SANITY","","HYPERON-METTALOG-SANITY","","STRING-TESTS.05",""
"passed","Fri Aug 30 22:41:47 GMT 2024","Fri Aug 30 22:41:47 GMT 2024","0","","HYPERON-EXPERIMENTAL-SCRIPTS","","HYPERON-EXPERIMENTAL-SCRIPTS","","D4-TYPE-PROP.21",""
"passed","Fri Aug 30 22:41:21 GMT 2024","Fri Aug 30 22:41:21 GMT 2024","0","","MODULE-SYSTEM","","MODULE-SYSTEM","","F1-IMPORTS.13",""
"passed","Fri Aug 30 22:41:47 GMT 2024","Fri Aug 30 22:41:47 GMT 2024","0","","HYPERON-EXPERIMENTAL-SCRIPTS","","HYPERON-EXPERIMENTAL-SCRIPTS","","D4-TYPE-PROP.03",""
"passed","Fri Aug 30 22:43:01 GMT 2024","Fri Aug 30 22:43:01 GMT 2024","0","","METTA-MORPH-TESTS","","METTA-MORPH-TESTS","","SUPERPOSE-NESTED.04",""
"passed","Fri Aug 30 22:41:47 GMT 2024","Fri Aug 30 22:41:47 GMT 2024","0","","HYPERON-EXPERIMENTAL-SCRIPTS","","HYPERON-EXPERIMENTAL-SCRIPTS","","D1-GADT.08",""
"passed","Fri Aug 30 22:41:47 GMT 2024","Fri Aug 30 22:41:47 GMT 2024","0","","HYPERON-EXPERIMENTAL-SCRIPTS","","HYPERON-EXPERIMENTAL-SCRIPTS","","B1-EQUAL-CHAIN.03",""
"passed","Fri Aug 30 22:43:01 GMT 2024","Fri Aug 30 22:43:01 GMT 2024","0","","METTA-MORPH-TESTS","","METTA-MORPH-TESTS","","IDENTITY.01",""
"passed","Fri Aug 30 22:41:37 GMT 2024","Fri Aug 30 22:41:40 GMT 2024","3000","","WHOLE-TESTS","","WHOLE-TESTS","","hyperon-mettalog_sanity.string-tests",""
"passed","Fri Aug 30 22:41:47 GMT 2024","Fri Aug 30 22:41:47 GMT 2024","0","","HYPERON-EXPERIMENTAL-SCRIPTS","","HYPERON-EXPERIMENTAL-SCRIPTS","","C3-PLN-STV.03",""
"passed","Fri Aug 30 22:41:47 GMT 2024","Fri Aug 30 22:41:47 GMT 2024","0","","HYPERON-EXPERIMENTAL-SCRIPTS","","HYPERON-EXPERIMENTAL-SCRIPTS","","F1-IMPORTS.20",""
"passed","Fri Aug 30 22:41:47 GMT 2024","Fri Aug 30 22:41:47 GMT 2024","0","","HYPERON-EXPERIMENTAL-SCRIPTS","","HYPERON-EXPERIMENTAL-SCRIPTS","","D3-DEPTYPES.07",""
"passed","Fri Aug 30 22:41:47 GMT 2024","Fri Aug 30 22:41:47 GMT 2024","0","","HYPERON-EXPERIMENTAL-SCRIPTS","","HYPERON-EXPERIMENTAL-SCRIPTS","","B5-TYPES-PRELIM.01",""
"passed","Fri Aug 30 22:43:01 GMT 2024","Fri Aug 30 22:43:01 GMT 2024","0","","METTA-MORPH-TESTS","","METTA-MORPH-TESTS","","MATCH-SUPERPOSED-SPACES.03",""
"passed","Fri Aug 30 22:41:37 GMT 2024","Fri Aug 30 22:41:39 GMT 2024","2000","","WHOLE-TESTS","","WHOLE-TESTS","","hyperon-experimental_scripts.e1_kb_write",""
"passed","Fri Aug 30 22:41:47 GMT 2024","Fri Aug 30 22:41:47 GMT 2024","0","","HYPERON-EXPERIMENTAL-SCRIPTS","","HYPERON-EXPERIMENTAL-SCRIPTS","","B5-TYPES-PRELIM.25",""
"passed","Fri Aug 30 22:42:34 GMT 2024","Fri Aug 30 22:42:34 GMT 2024","0","","HYPERON-METTALOG-SANITY","","HYPERON-METTALOG-SANITY","","00-LANG-CASE.17",""
"passed","Fri Aug 30 22:41:47 GMT 2024","Fri Aug 30 22:41:47 GMT 2024","0","","HYPERON-EXPERIMENTAL-SCRIPTS","","HYPERON-EXPERIMENTAL-SCRIPTS","","C1-GROUNDED-BASIC.18",""
"passed","Fri Aug 30 22:41:47 GMT 2024","Fri Aug 30 22:41:47 GMT 2024","0","","HYPERON-EXPERIMENTAL-SCRIPTS","","HYPERON-EXPERIMENTAL-SCRIPTS","","D2-HIGHERFUNC.20",""
"passed","Fri Aug 30 22:43:01 GMT 2024","Fri Aug 30 22:43:01 GMT 2024","0","","METTA-MORPH-TESTS","","METTA-MORPH-TESTS","","MATCH-SUPERPOSED-SPACES.05",""
"passed","Fri Aug 30 22:43:01 GMT 2024","Fri Aug 30 22:43:01 GMT 2024","0","","METTA-MORPH-TESTS","","METTA-MORPH-TESTS","","SUPERCOLLAPSE.05",""
"passed","Fri Aug 30 22:43:01 GMT 2024","Fri Aug 30 22:43:01 GMT 2024","0","","METTA-MORPH-TESTS","","METTA-MORPH-TESTS","","MATCH-VOID.04",""
"passed","Fri Aug 30 22:43:01 GMT 2024","Fri Aug 30 22:43:01 GMT 2024","0","","METTA-MORPH-TESTS","","METTA-MORPH-TESTS","","SEQUENTIAL-NESTED.05",""
"passed","Fri Aug 30 22:41:47 GMT 2024","Fri Aug 30 22:41:47 GMT 2024","0","","HYPERON-EXPERIMENTAL-SCRIPTS","","HYPERON-EXPERIMENTAL-SCRIPTS","","E2-STATES.09",""
"passed","Fri Aug 30 22:43:01 GMT 2024","Fri Aug 30 22:43:01 GMT 2024","0","","METTA-MORPH-TESTS","","METTA-MORPH-TESTS","","SUPERPOSE-NESTED.01",""
"passed","Fri Aug 30 22:41:47 GMT 2024","Fri Aug 30 22:41:47 GMT 2024","0","","HYPERON-EXPERIMENTAL-SCRIPTS","","HYPERON-EXPERIMENTAL-SCRIPTS","","B4-NONDETERM.11",""
"passed","Fri Aug 30 22:43:01 GMT 2024","Fri Aug 30 22:43:01 GMT 2024","0","","METTA-MORPH-TESTS","","METTA-MORPH-TESTS","","LET-SUPERPOSE-IF-CASE.02",""
"passed","Fri Aug 30 22:41:47 GMT 2024","Fri Aug 30 22:41:47 GMT 2024","0","","HYPERON-EXPERIMENTAL-SCRIPTS","","HYPERON-EXPERIMENTAL-SCRIPTS","","D3-DEPTYPES.02",""
"passed","Fri Aug 30 22:41:47 GMT 2024","Fri Aug 30 22:41:47 GMT 2024","0","","HYPERON-EXPERIMENTAL-SCRIPTS","","HYPERON-EXPERIMENTAL-SCRIPTS","","D1-GADT.02",""
"passed","Fri Aug 30 22:42:34 GMT 2024","Fri Aug 30 22:42:34 GMT 2024","0","","HYPERON-METTALOG-SANITY","","HYPERON-METTALOG-SANITY","","UNIQUE-TEST.02",""
"passed","Fri Aug 30 22:41:47 GMT 2024","Fri Aug 30 22:41:47 GMT 2024","0","","HYPERON-EXPERIMENTAL-SCRIPTS","","HYPERON-EXPERIMENTAL-SCRIPTS","","C3-PLN-STV.02",""
